Date,tsla_daily_return_preday,tsla_return_volatility_preday,tsla_Open_preday,tsla_High_preday,tsla_Low_preday,tsla_Volume_preday,tsla_MA20_preday,tsla_MACD_preday,tsla_KDJ_score_preday,tsla_upper_band_preday,tsla_lower_band_preday,tsla_EMA_preday,tsla_logmomentum_preday,sentiment_mean_preday,sentiment_std_preday,tsla_Close_preday,vix_Close_preday,sp500_Close_preday,us30_Close_preday,tsla_Open,tsla_Close,correct_decision
2021-10-01,-0.0074618094773734045,0.25869384925400024,260.3333435058594,263.0433349609375,258.3333435058594,53868000,251.64850234985352,5.047461331317635,76.54622331483733,263.2927992617425,240.0042054379645,251.73672653499384,-0.0074897880450971975,0.08888888888888889,0.7133469843630625,258.49334716796875,23.139999389648438,4307.5400390625,2.0920000076293945,259.4666748046875,258.40667724609375,Wait
2021-10-04,-0.0003352887910832436,0.25826212955676386,259.4666748046875,260.260009765625,254.52999877929688,51094200,252.3623359680176,4.953099168972329,72.01684704856912,263.8147987718353,240.9098731641999,252.37195993605098,-0.00033534501293734615,0.24468085106382978,0.6984802275165174,258.40667724609375,21.100000381469727,4357.0400390625,2.058000087738037,265.5,260.510009765625,Short
2021-10-05,0.008139621398127295,0.25884484831405224,265.5,268.989990234375,258.7066650390625,91449900,253.161669921875,4.990510334858442,68.13535578585669,264.54180667472735,241.78153316902265,253.14701230077233,0.008106673348889567,0.30067567567567566,0.7088779983121694,260.510009765625,22.959999084472656,4300.4599609375,2.046999931335449,261.6000061035156,260.1966552734375,Short
2021-10-06,-0.001202850103416031,0.2443364481587702,261.6000061035156,265.7699890136719,258.0666809082031,55297800,253.62283630371093,4.9379522251661,63.87492950294434,265.37115643217976,241.8745161752421,253.8184068695976,-0.0012035741082394261,0.13636363636363635,0.7455896098046794,260.1966552734375,21.299999237060547,4345.72021484375,2.0980000495910645,258.73333740234375,260.9166564941406,Long
2021-10-07,0.0027671424905384434,0.24434112710107372,258.73333740234375,262.2200012207031,257.739990234375,43898400,254.10416946411132,4.897937253979876,62.683157041995486,266.2327212234003,241.97561770482233,254.49443064336361,0.002763320999873195,0.24358974358974358,0.6681219547260413,260.9166564941406,21.0,4363.5498046875,2.0759999752044678,261.82000732421875,264.53668212890625,Long
2021-10-08,0.013874260399496352,0.24791833913177452,261.82000732421875,268.3333435058594,261.1266784667969,57587400,254.75000381469727,5.099546518029143,65.19198671349037,267.67128414144656,241.82872348794797,255.45083554674864,0.01377889392912291,0.2773722627737226,0.6937740669625057,264.53668212890625,19.540000915527344,4399.759765625,2.131999969482422,265.4033203125,261.8299865722656,Short
2021-10-11,-0.010231834522373306,0.2316658647257314,265.4033203125,265.4599914550781,260.3033447265625,50215800,255.57033615112306,4.983469270039137,59.26523496908767,268.0749723209886,243.06569998125752,256.05837373965505,-0.010284539562274665,0.2,0.73744167546939,261.8299865722656,18.770000457763672,4391.33984375,2.1619999408721924,262.54998779296875,263.9800109863281,Long
2021-10-12,0.008211528565575943,0.23138074514487023,262.54998779296875,267.0799865722656,261.8333435058594,42600900,256.386003112793,5.007245803703938,61.6029469733665,268.8480432882157,243.92396293737025,256.81281538219537,0.008177997401230774,0.3483606557377049,0.677046795442768,263.9800109863281,20.0,4361.18994140625,2.1659998893737793,266.9766540527344,268.5733337402344,Long
2021-10-13,0.01740026730336086,0.23663507220354618,266.9766540527344,270.7733459472656,265.5233459472656,66060000,257.40650329589846,5.33523042094717,71.49982194361391,270.36617254808596,244.44683404371096,257.93286474962764,0.01725061613832015,0.25217391304347825,0.6989149266914376,268.5733337402344,19.850000381469727,4350.64990234375,2.1059999465942383,270.15667724609375,270.3599853515625,Wait
2021-10-14,0.006652379022320076,0.2332004144806461,270.15667724609375,271.8033447265625,268.59332275390625,42360300,258.3273361206055,5.673922994096131,79.63545746692495,272.23503667176914,244.41963556944182,259.11640004505,0.006630349593761303,0.19540229885057472,0.72879448820718,270.3599853515625,18.639999389648438,4363.7998046875,2.0409998893737793,271.8299865722656,272.7733459472656,Wait
2021-10-15,0.008926471099504285,0.2337919556861477,271.8299865722656,273.4166564941406,271.1166687011719,36741600,259.349503326416,6.067139126059885,86.2865282942913,274.3623911572284,244.33661549560364,260.4170615595467,0.008886865672994949,0.2523364485981308,0.584282465030387,272.7733459472656,16.860000610351562,4438.259765625,2.0250000953674316,274.5799865722656,281.010009765625,Long
2021-10-18,0.030195999501915205,0.2515343192904607,274.5799865722656,281.07000732421875,274.1166687011719,56773800,260.741837310791,6.963129059677669,91.84890100712195,278.29011193650115,243.1935626850809,262.3782947220304,0.02974907491710917,0.2746478873239437,0.6856623468302407,281.010009765625,16.299999237060547,4471.3701171875,2.0510001182556152,283.92999267578125,290.03668212890625,Long
2021-10-19,0.03212224493643445,0.20935982576197118,283.92999267578125,291.7533264160156,283.8233337402344,72621600,263.0741714477539,8.305840004629374,93.28224790984608,283.13214127344133,243.01620162206643,265.0124268560186,0.03161711443997285,0.265625,0.6821087416410946,290.03668212890625,16.309999465942383,4486.4599609375,2.0169999599456787,292.510009765625,288.0899963378906,Short
2021-10-20,-0.006711860640270406,0.21593336579254613,292.510009765625,292.6499938964844,287.5033264160156,52143300,265.1556709289551,9.107876892648676,90.48481081254751,286.54990749955044,243.76143435835974,267.21029061619686,-0.006734486474692475,0.125,0.6728318532164649,288.0899963378906,15.699999809265137,4519.6298828125,2.0880000591278076,288.45001220703125,288.6000061035156,Wait
2021-10-21,0.0017703140411262641,0.2142086914713252,288.45001220703125,289.8299865722656,285.7933349609375,42096300,267.05333786010743,9.673144442711987,89.3630644679364,289.7237049207744,244.38297079944047,269.2474063768939,0.0017687488821671587,0.26436781609195403,0.7286025917890196,288.6000061035156,15.489999771118164,4536.18994140625,2.1110000610351562,285.3333435058594,298.0,Long
2021-10-22,0.03257101073349511,0.23134755697206,285.3333435058594,300.0,285.1666564941406,94444500,269.3926712036133,10.755639678034242,91.56737801748108,294.68499109290985,244.10035131431678,271.98574862671353,0.03205181901693134,0.26666666666666666,0.6567228610312854,298.0,15.010000228881836,4549.77978515625,2.128000020980835,298.5,303.2266540527344,Long
2021-10-25,0.01753910755951127,0.223116783355068,298.5,303.3333435058594,296.9866638183594,68642400,271.6475036621094,11.89811815233071,94.88499052872776,300.502083596051,242.79292372816775,274.96107295300123,0.017387072543931938,0.4431137724550898,0.6549605931230645,303.2266540527344,15.430000305175781,4544.89990234375,2.0910000801086426,316.84332275390625,341.6199951171875,Long
2021-10-26,0.12661598362581983,0.4754611176727625,316.84332275390625,348.3399963378906,314.73333740234375,188556300,275.53916931152344,15.720347946139498,93.63866177231702,317.807094278329,233.2712443447179,281.3095417305428,0.11921843486746743,0.3850085178875639,0.6412818793111051,341.6199951171875,15.239999771118164,4566.47998046875,2.0850000381469727,341.5633239746094,339.4766540527344,Short
2021-10-27,-0.006274050392506725,0.4674373571193972,341.5633239746094,364.9800109863281,333.8133239746094,187245000,279.5536682128906,18.364844389752534,85.35763629701736,329.7837010083904,229.32363541739088,286.84926671360864,-0.0062938149592970775,0.21008403361344538,0.6858909581053431,339.4766540527344,15.979999542236328,4574.7900390625,2.0510001182556152,346.5533447265625,345.9533386230469,Wait
2021-10-28,0.019078438805710585,0.4664755541053496,346.5533447265625,356.9599914550781,343.59332275390625,115579500,283.8295013427734,20.74411593506113,82.7774814226542,341.25188609538225,226.40711659016458,292.47822594307894,0.018898727534898532,0.1807909604519774,0.6834682993976082,345.9533386230469,16.979999542236328,4551.68017578125,1.9420000314712524,356.10333251953125,359.0133361816406,Long
2021-10-29,0.03775074872979922,0.4656157831188845,356.10333251953125,360.3333435058594,351.3999938964844,81639600,288.85550079345705,23.41364055859458,86.65283928695561,354.01569802241977,223.69530356449437,298.81490310865627,0.03705562944417333,0.32,0.6169644732805306,359.0133361816406,16.530000686645508,4596.419921875,1.9630000591278076,360.6199951171875,371.3333435058594,Long
2021-11-01,0.03431629436179362,0.46480690918750633,360.6199951171875,371.7366638183594,357.7366638183594,89755200,294.5018341064453,26.221118946957688,91.79580662588025,367.63564912968434,221.36801908320626,305.7214212417232,0.03374062327713504,0.2804232804232804,0.7000667374628989,371.3333435058594,16.260000228881836,4605.3798828125,1.9420000314712524,381.6666564941406,402.86334228515625,Long
2021-11-02,0.0849102277797451,0.5185080401958236,381.6666564941406,403.25,372.88665771484375,168146100,301.6195007324219,30.637107684371756,94.9967592398286,387.4334789129887,215.8055225518551,314.9730327696692,0.08149724419582528,0.2967032967032967,0.7038989198075873,402.86334228515625,16.40999984741211,4613.669921875,1.968999981880188,386.4533386230469,390.6666564941406,Long
2021-11-03,-0.03027499529203259,0.5457013234106314,386.4533386230469,402.86334228515625,382.0,128213400,308.143000793457,32.77483210004965,92.8073860944426,400.30031172997377,215.98568985694027,322.181949314857,-0.03074274797958024,0.12682926829268293,0.6955828386422984,390.6666564941406,16.030000686645508,4630.64990234375,1.9600000381469727,392.4433288574219,404.6199951171875,Long
2021-11-04,0.03571673801973452,0.5435811766928315,392.4433288574219,405.1300048828125,384.2066650390625,103885500,315.3281677246094,35.18927189308829,95.52336211097192,414.1491730207665,216.50716242845226,330.03319177222176,0.03509368755165895,0.2923076923076923,0.6640976140791661,404.6199951171875,15.100000381469727,4660.56982421875,1.9859999418258667,411.4700012207031,409.9700012207031,Wait
2021-11-05,0.013222297879683653,0.5437266067242466,411.4700012207031,414.4966735839844,405.6666564941406,76192200,322.5998336791992,37.10669077175402,95.54914400465027,426.9336267516068,218.2660406067916,337.6462212435057,0.01313564628546233,0.2080536912751678,0.6396279301200508,409.9700012207031,15.4399995803833,4680.06005859375,1.9639999866485596,409.3333435058594,407.36334228515625,Wait
2021-11-08,-0.006358169933862068,0.5407830815287004,409.3333435058594,413.2900085449219,402.6666564941406,64886400,329.8765014648437,37.97813515451975,93.8294920485325,436.6366329773539,223.11636995233354,344.28594705699624,-0.006378469186125081,0.3595505617977528,0.6949033780323831,407.36334228515625,16.479999542236328,4697.52978515625,1.8860000371932983,383.2633361816406,387.64666748046875,Long
2021-11-09,-0.04840070953386311,0.5956845301538574,383.2633361816406,399.0,377.6666564941406,100337100,336.0598342895508,36.65525130868281,81.15753914717425,441.06065585061344,231.05901272848814,348.41553947827936,-0.04961124617557869,0.12314225053078556,0.6471833399172243,387.64666748046875,17.219999313354492,4701.7001953125,1.8869999647140503,391.20001220703125,341.1666564941406,Short
2021-11-10,-0.11990303254359846,0.7758777881131407,391.20001220703125,391.5,337.17333984375,177317400,339.6895004272461,31.49327304527236,50.6247195175125,439.77128999177114,239.6077108627211,347.72516967026615,-0.12772318728902374,0.10945273631840796,0.6913466561754495,341.1666564941406,17.780000686645508,4685.25,1.8220000267028809,336.8033447265625,355.98333740234375,Long
2021-11-11,0.043429451929624774,0.7827304690435901,336.8033447265625,359.3666687011719,329.10333251953125,128408100,343.97066802978514,28.272047833906868,42.528807485166766,438.75026988088405,249.19106617868627,348.51166183522594,0.04251283809069096,0.08465608465608465,0.6710007714961423,355.98333740234375,18.729999542236328,4646.7099609375,1.9179999828338623,367.5899963378906,354.5033264160156,Short
2021-11-12,-0.004157528824601631,0.7854528276374573,367.5899963378906,368.3233337402344,351.55999755859375,67189800,348.05716705322266,25.308043753911647,37.009474782861254,436.7648005455449,259.3495335609004,349.0822965572059,-0.0041661953768667185,0.2119205298013245,0.6388455371285386,354.5033264160156,17.65999984741211,4649.27001953125,1.9160000085830688,349.1666564941406,344.47332763671875,Short
2021-11-15,-0.02829310201599211,0.7971622492749146,349.1666564941406,351.5,339.73333740234375,76719300,351.23033294677737,21.89729371734569,29.05098288981746,434.19399412055037,268.26667177300436,348.6433471362071,-0.028701065279561472,0.17829457364341086,0.6305951108266298,344.47332763671875,16.290000915527344,4682.85009765625,1.9550000429153442,339.2099914550781,337.7966613769531,Wait
2021-11-16,-0.01938224449936754,0.8003913547916736,339.2099914550781,343.99334716796875,326.20001220703125,104326800,353.6183319091797,18.442900297976905,22.33975500152905,431.7758691198559,275.4607946985035,347.61032944484964,-0.01957254315692035,0.1237785016286645,0.6600069739632307,337.7966613769531,16.489999771118164,4682.7998046875,2.006999969482422,334.4366760253906,351.57666015625,Long
2021-11-17,0.04079376842602822,0.8058791162203505,334.4366760253906,352.3999938964844,334.05999755859375,79627200,356.7926651000977,16.625550367213293,24.57668698123982,428.647095128924,284.9382350712714,347.98807522688776,0.03998366090579434,0.11627906976744186,0.6917810683385517,351.57666015625,16.3700008392334,4700.89990234375,2.0179998874664307,354.5033264160156,363.0033264160156,Long
2021-11-18,0.032501208284666294,0.8084715451165717,354.5033264160156,373.21331787109375,351.8333435058594,94336200,360.51283111572263,15.923764677311851,31.4409862267946,424.8083194806908,296.2173427507545,349.4180991496619,0.031984216103858806,0.23008849557522124,0.6269092204378861,363.0033264160156,17.110000610351562,4688.669921875,1.996000051498413,368.8500061035156,365.4599914550781,Short
2021-11-19,0.006767610267700563,0.8052716204322388,368.8500061035156,370.6666564941406,358.3399963378906,62696700,363.8858306884766,15.38843845982359,40.3616239126114,421.0562122056496,306.71544917130353,350.9458984168444,0.006744812791821567,0.0546875,0.7242546399330602,365.4599914550781,17.59000015258789,4704.5400390625,1.972000002861023,366.2900085449219,379.0199890136719,Long
2021-11-22,0.03710391800920432,0.8102037114621841,366.2900085449219,379.5733337402344,364.23333740234375,64926900,367.6754974365234,15.875365719060142,56.61764258596698,417.49078792417174,317.8602069488751,353.61962133082795,0.03643213445735007,0.34146341463414637,0.650715473727881,379.0199890136719,17.90999984741211,4697.9599609375,1.906999945640564,387.4433288574219,385.6233215332031,Wait
2021-11-23,0.017422122080461122,0.6899305770120644,387.4433288574219,400.6499938964844,377.4766540527344,99217500,369.8756637573242,16.602707154845632,66.11055947678815,418.7231074595725,321.02822005507596,356.66759277867317,0.017272096909531555,0.25830258302583026,0.6883119964091214,385.6233215332031,19.170000076293945,4682.93994140625,1.9780000448226929,389.1700134277344,369.6766662597656,Short
2021-11-24,-0.041352932727292124,0.7098303277937148,389.1700134277344,393.5,354.23333740234375,108515100,371.38566436767576,15.711259059590304,63.28479211731603,418.096833694169,324.6744950411825,357.9065521578248,-0.04223229344871564,0.20634920634920634,0.6611197811889802,369.6766662597656,19.3799991607666,4690.7001953125,2.0230000019073486,360.1300048828125,372.0,Long
2021-11-26,0.006284772484400847,0.7079736082335892,360.1300048828125,377.5899963378906,354.0,67680600,372.68799743652346,15.019122541906484,62.73408774296201,417.83998906089204,327.5360058121549,359.248785285651,0.006265105659810634,0.11224489795918367,0.6868822894884363,372.0,18.579999923706055,4701.4599609375,1.968999981880188,366.489990234375,360.6400146484375,Short
2021-11-29,-0.030537595031082,0.7070660413093758,366.489990234375,369.59332275390625,360.3333435058594,35042700,372.76933135986326,13.399482592121785,56.25076795817026,417.8233606230023,327.7153020967242,359.38128332020216,-0.031013582803841335,0.20945945945945946,0.7932828404875216,360.6400146484375,28.6200008392334,4594.6201171875,1.8270000219345093,366.9966735839844,378.9966735839844,Long
2021-11-30,0.050900227900227524,0.7197083832434221,366.9966735839844,380.8900146484375,366.7300109863281,58393500,373.15249786376955,13.442182118150413,60.748473217492474,418.2853841690678,328.0196115584713,361.24941572627665,0.04964715675134432,0.2393617021276596,0.6300357489401229,378.9966735839844,22.959999084472656,4655.27001953125,1.8799999952316284,381.4566650390625,381.586669921875,Wait
2021-12-01,0.006833823403773698,0.6504734784039439,381.4566650390625,389.3333435058594,372.6666564941406,81276000,372.08866424560546,13.529058296629614,60.882297285200075,415.2320211591481,328.94530733206284,363.18629707823845,0.006810578672784683,0.19387755102040816,0.7686936738604762,381.586669921875,27.190000534057617,4567.0,1.7869999408721924,386.8999938964844,365.0,Short
2021-12-02,-0.04346763456194869,0.6597303499776973,386.8999938964844,390.9466552734375,363.586669921875,68450400,370.8053314208984,12.119793219942324,46.001488116005845,413.14127464057924,328.4693882012176,363.3590306898348,-0.044440653310942796,0.17391304347826086,0.7286236672745308,365.0,31.1200008392334,4513.0400390625,1.777999997138977,366.35333251953125,361.5333251953125,Short
2021-12-03,-0.00949773919092467,0.6442935630532914,366.35333251953125,371.0,352.2166748046875,73114800,368.6509979248047,10.601006999144545,35.158975299539435,408.0231574226329,329.2788384269765,363.1851539760708,-0.009543130353379798,0.3017241379310345,0.6074870202400376,361.5333251953125,27.950000762939453,4577.10009765625,1.7690000534057617,361.5966796875,338.3233337402344,Short
2021-12-06,-0.06419876077133224,0.6735110584458913,361.5966796875,363.52667236328125,333.4033203125,92322000,365.06866455078125,7.43875628843756,23.80299781501569,401.54255691578015,328.59477218578235,360.8173615726578,-0.0663521763056877,0.19658119658119658,0.6596670560334185,338.3233337402344,30.670000076293945,4538.43017578125,1.6779999732971191,333.836669921875,336.336669921875,Long
2021-12-07,-0.005872086315763081,0.6735354513728371,333.836669921875,340.5466613769531,316.8333435058594,81663000,361.5173309326172,4.717956979285873,24.17315196047374,394.2959705002735,328.7386913649609,358.48586712972605,-0.005889394805839068,0.26174496644295303,0.6904443809289756,336.336669921875,27.18000030517578,4591.669921875,1.7569999694824219,348.0666809082031,350.5833435058594,Long
2021-12-08,0.04235837141187604,0.6795160422345891,348.0666809082031,352.5566711425781,342.2699890136719,56084700,359.6641647338867,3.668997498994429,32.5180298134895,390.3466185229835,328.98171094478994,357.73324583221495,0.04148581070093519,0.12931034482758622,0.7166367391447735,350.5833435058594,21.889999389648438,4686.75,1.7960000038146973,350.9033203125,356.32000732421875,Long
2021-12-09,0.016363195584229162,0.5264664254108209,350.9033203125,357.4599914550781,344.3333435058594,41906400,360.4218322753906,3.262976814772003,40.76972815910649,389.906015316481,330.93764923430024,357.59865168859625,0.016230761245708623,0.28431372549019607,0.6803821142519135,356.32000732421875,19.899999618530273,4701.2099609375,1.875,353.5466613769531,334.6000061035156,Short
2021-12-10,-0.06095644581905246,0.5492565976432157,353.5466613769531,354.163330078125,334.1199951171875,59438400,359.35266571044923,1.1750348500998484,34.104452520257745,390.9869579391223,327.71837348177615,355.40830449001714,-0.06289341727027524,0.037383177570093455,0.7387551186791964,334.6000061035156,21.579999923706055,4667.4501953125,1.8660000562667847,336.25,339.010009765625,Long
2021-12-13,0.013179927022311633,0.552011608259691,336.25,340.32666015625,327.510009765625,59664300,358.5779998779297,-0.1224126631371405,32.39645383740667,391.4470079301444,325.708991825715,353.84656213531315,0.013093827482800639,0.24770642201834864,0.6959667310954664,339.010009765625,18.690000534057617,4712.02001953125,1.8839999437332153,333.6966552734375,322.13665771484375,Short
2021-12-14,-0.04977243020772948,0.5707091467977098,333.6966552734375,335.0,317.1400146484375,78595500,357.46116638183594,-2.4835587398023904,22.25568996303639,393.6938902579816,321.2284425056903,350.8265712381256,-0.051053775924629424,0.24803149606299213,0.7475229602354538,322.13665771484375,20.309999465942383,4668.97021484375,1.812000036239624,315.0,319.5033264160156,Long
2021-12-15,-0.008174578197676419,0.5677498583046976,315.0,322.13665771484375,310.0,70806300,356.54649963378904,-4.515223162853431,19.44032128078438,395.6771078718636,317.4158913957145,347.8434050645913,-0.008208173270999982,0.03759398496240601,0.711443422201547,319.5033264160156,21.889999389648438,4634.08984375,1.8179999589920044,317.7366638183594,325.3299865722656,Long
2021-12-16,0.018236618133556703,0.550495898506445,317.7366638183594,326.25,309.4166564941406,75169200,355.23416595458986,-5.590722705054645,23.292031397856753,396.75409996152064,313.7142319476591,345.6992699700841,0.018072325435531507,0.23529411764705882,0.7199624658565773,325.3299865722656,19.290000915527344,4709.85009765625,1.8550000190734863,331.5,308.97332763671875,Short
2021-12-17,-0.050277132790258694,0.5574809681749073,331.5,331.6600036621094,307.2833251953125,82771500,352.532666015625,-7.674443313261065,15.267145778606912,398.69551651346177,306.36981551778825,342.2015611764303,-0.051585055672323236,0.14035087719298245,0.7511312174874505,308.97332763671875,20.56999969482422,4668.669921875,1.8609999418258667,304.92333984375,310.8566589355469,Long
2021-12-20,0.006095449446181567,0.5572589427575702,304.92333984375,320.2200012207031,303.0133361816406,100437300,349.80249938964846,-9.06929265125683,14.793379735811584,399.0985743180921,300.5064244612048,339.2163323915843,0.006076947341899706,0.23893805309734514,0.6718090752798138,310.8566589355469,21.56999969482422,4620.64013671875,1.8179999589920044,303.5666809082031,299.9800109863281,Short
2021-12-21,-0.03498927121736173,0.5392497028999244,303.5666809082031,307.2300109863281,297.7966613769531,56480100,345.8505004882812,-10.926422394624126,10.241294004219261,397.88134561197353,293.8196553645889,335.47953987679796,-0.03561605979548491,0.2534562211981567,0.7170538612773043,299.9800109863281,22.8700008392334,4568.02001953125,1.8489999771118164,305.6233215332031,312.84332275390625,Long
2021-12-22,0.04288056302579579,0.564091052442441,305.6233215332031,313.1666564941406,295.3733215332031,71517900,342.2115005493164,-11.230787808741923,17.909423186139346,392.6871165224267,291.73588457620605,333.3237096746178,0.04198665654283043,0.27450980392156865,0.6472617531807778,312.84332275390625,21.010000228881836,4649.22998046875,1.8969999551773071,321.88665771484375,336.2900085449219,Long
2021-12-23,0.07494705523716627,0.6255203025789754,321.88665771484375,338.5533447265625,319.01666259765625,93634200,340.5421676635742,-9.47087366486437,47.15108176860929,389.374830118869,291.70950520827944,333.60621432893254,0.07227140942458773,0.25748502994011974,0.6008435020295831,336.2900085449219,18.6299991607666,4696.56005859375,1.8569999933242798,335.6000061035156,355.6666564941406,Long
2021-12-27,0.05761886305530961,0.6621638379789822,335.6000061035156,357.6600036621094,332.5199890136719,92713200,339.7255004882812,-6.438377862004188,67.3334857384265,386.85980674139455,292.5911942351679,335.7072088208571,0.05602002567418564,0.2792207792207792,0.6907110407309445,355.6666564941406,17.959999084472656,4725.7900390625,1.9049999713897705,357.8900146484375,364.64666748046875,Long
2021-12-28,0.025248391499066658,0.6592266517253101,357.8900146484375,372.3333435058594,356.90667724609375,71145900,339.9258331298828,-3.272764856728543,76.86242787574146,387.4667261571042,292.3849401026614,338.4633477408201,0.02493491640225287,0.4887459807073955,0.6162074716921868,364.64666748046875,17.68000030517578,4791.18994140625,1.8860000371932983,369.8299865722656,362.8233337402344,Short
2021-12-29,-0.005000275342793459,0.6328602922306086,369.8299865722656,373.0,359.47332763671875,60324000,339.11716613769534,-0.9007383862124811,81.30984125964213,384.3541666804467,293.88016559494395,340.783346407431,-0.0050128185500081576,0.3333333333333333,0.6454972243679027,362.8233337402344,17.540000915527344,4786.35009765625,1.902999997138977,366.21331787109375,362.0633239746094,Short
2021-12-30,-0.0020947102761840197,0.6321085653853943,366.21331787109375,368.0,354.71331787109375,56154000,338.14099884033203,0.9073241764635327,83.51489147476667,380.25398944006207,296.028008240602,342.8100109376385,-0.002096907250306926,0.2155688622754491,0.6123208907439536,362.0633239746094,16.950000762939453,4793.06005859375,1.9529999494552612,353.77667236328125,356.7799987792969,Long
2021-12-31,-0.014592268383646134,0.6149828459234289,353.77667236328125,365.1833190917969,351.04998779296875,47040900,337.72999877929686,1.8920956937321876,82.03874152501616,378.8889252815318,296.57107227706194,344.1404859701774,-0.014699782732613053,0.06504065040650407,0.7326108420402903,356.7799987792969,17.329999923706055,4778.72998046875,1.9249999523162842,357.8133239746094,352.260009765625,Short
2022-01-03,-0.012668840823859995,0.6157059313375666,357.8133239746094,360.6666564941406,351.5299987792969,40733700,337.2663330078125,2.2815090615132476,78.72762643151515,377.494615800736,297.0380502148889,344.9137739506962,-0.012749774874751605,0.3046875,0.6822680304354957,352.260009765625,17.219999313354492,4766.18017578125,1.9049999713897705,382.5833435058594,399.9266662597656,Long
2022-01-04,0.1353166841897706,0.7375473811115432,382.5833435058594,400.3566589355469,378.67999267578125,103931400,340.34649963378905,6.363073225985204,87.17420361374208,389.38450118584467,291.30849808173343,350.15309702775045,0.1269116289226746,0.3373913043478261,0.6553798895112837,399.9266662597656,16.600000381469727,4796.56005859375,2.0160000324249268,396.51666259765625,383.1966552734375,Short
2022-01-05,-0.041832696836128,0.7581759773970596,396.51666259765625,402.6666564941406,374.3500061035156,100248300,342.6894989013672,8.153778481565496,83.16142762180621,395.27068580056215,290.1083120021722,353.30010257495877,-0.04273287830059682,0.14285714285714285,0.6522945507083932,383.1966552734375,16.90999984741211,4793.5400390625,2.0769999027252197,382.2166748046875,362.7066650390625,Short
2022-01-06,-0.05347121367683638,0.775996197173729,382.2166748046875,390.11334228515625,360.336669921875,80119800,343.29566497802733,7.829302996653212,67.18643629385512,396.53541306158394,290.0559168944707,354.1959656667782,-0.054953895352910696,0.1038961038961039,0.6780289693314697,362.7066650390625,19.729999542236328,4700.580078125,2.0880000591278076,359.0,354.8999938964844,Short
2022-01-07,-0.02152337383085412,0.7788632784282548,359.0,362.6666564941406,340.1666564941406,90336600,343.22466430664065,6.863107092580094,49.61867124689039,396.3950207494099,290.0543078638714,354.26301597436924,-0.021758379841487693,0.2905982905982906,0.6830437591352434,354.8999938964844,19.610000610351562,4696.0498046875,2.0929999351501465,360.1233215332031,342.32000732421875,Short
2022-01-10,-0.035446567451716815,0.7569442068368291,360.1233215332031,360.30999755859375,336.6666564941406,84164700,343.6106643676758,5.0243722606318215,32.91378725185195,396.62926303959296,290.5920656957586,353.1255865791168,-0.03609004895021842,0.11851851851851852,0.7232993626003604,342.32000732421875,18.760000228881836,4677.02978515625,2.118000030517578,333.3333435058594,352.7066650390625,Long
2022-01-11,0.03034195341380186,0.7626804804193731,333.3333435058594,353.0333251953125,326.6666564941406,91815000,344.29549713134764,4.35507553182066,33.063043881598084,397.41761535470596,291.17337890798933,353.08568928958783,0.029890740749494566,0.25263157894736843,0.6708480189224801,352.7066650390625,19.399999618530273,4670.2900390625,2.109999895095825,351.22332763671875,354.79998779296875,Long
2022-01-12,0.005935024657598653,0.7367079416613523,351.22332763671875,358.6166687011719,346.2733459472656,66063300,345.9286636352539,3.948055972159807,34.3644762300481,398.18369182893656,293.6736354415712,353.24895581371936,0.005917481776156395,0.21100917431192662,0.6536704699222586,354.79998779296875,18.40999984741211,4713.06982421875,2.072999954223633,359.6166687011719,368.739990234375,Long
2022-01-13,0.039289748931841784,0.7439726531690423,359.6166687011719,371.61334228515625,357.5299987792969,83739000,348.3904968261719,4.696196899692495,42.57451899208642,400.0393895856808,296.741604066663,354.72429242521036,0.03853754612843837,0.19727891156462585,0.6987214917586136,368.739990234375,17.6200008392334,4726.35009765625,2.0739998817443848,369.69000244140625,343.85333251953125,Short
2022-01-14,-0.06749107331435766,0.7894768005297885,369.69000244140625,371.8666687011719,342.17999267578125,97209900,349.31666412353513,3.243568841165768,34.54575605778929,399.8772720377608,298.75605620930946,353.6889629103838,-0.06987655465675016,0.08333333333333333,0.7180469329016469,343.85333251953125,20.309999465942383,4659.02978515625,2.055000066757202,339.9599914550781,349.8699951171875,Long
2022-01-18,0.017497758575059086,0.7640186781138021,339.9599914550781,350.6666564941406,337.7933349609375,72924300,351.3614974975586,2.548467876136897,32.81833609474398,398.2249634629305,304.49803153218676,353.32525169198414,0.017346435457551865,0.2331288343558282,0.6989458742643109,349.8699951171875,19.190000534057617,4662.85009765625,2.114000082015991,342.2033386230469,343.5033264160156,Wait
2022-01-19,-0.01819724123253097,0.7693753428468385,342.2033386230469,356.92999267578125,338.6866760253906,66743400,352.993830871582,1.466948330495029,30.19881793883001,396.0352913286053,309.95237041455874,352.38983023713,-0.018364847454341894,0.18285714285714286,0.7537815703180372,343.5033264160156,22.790000915527344,4577.10986328125,2.184000015258789,347.2366638183594,331.8833312988281,Short
2022-01-20,-0.0338278969185718,0.7685635517632736,347.2366638183594,351.5566711425781,331.6666564941406,75442500,354.58899688720703,-0.3240645802022186,22.62952474848003,391.2495787955761,317.92841497883796,350.4368303382441,-0.03441330009854252,0.1485148514851485,0.7534738033118522,331.8833312988281,23.850000381469727,4532.759765625,2.138000011444092,336.57666015625,332.0899963378906,Short
2022-01-21,0.0006227038828787723,0.7563155470033083,336.57666015625,347.2200012207031,331.3333435058594,70488600,355.55133056640625,-1.7071006799948236,18.216260260050046,388.41139674024527,322.69126439256723,348.6895128144009,0.000622510083264904,0.20192307692307693,0.7680489427708442,332.0899963378906,25.59000015258789,4482.72998046875,2.140000104904175,332.11334228515625,314.6333312988281,Short
2022-01-24,-0.05256606712507206,0.7328183069102281,332.11334228515625,334.8500061035156,313.5,103416000,354.46849670410154,-4.163776309102332,11.541234264505096,391.2002621397346,317.7367312684685,345.44606695577494,-0.0539980722931419,-0.06918238993710692,0.7557333336479587,314.6333312988281,28.850000381469727,4397.93994140625,2.063999891281128,301.586669921875,310.0,Long
2022-01-25,-0.014726129872195681,0.6984989322932571,301.586669921875,311.1700134277344,283.8233337402344,151565700,352.1851638793945,-6.410682204074817,18.623876634394456,393.93768475774135,310.43264300104767,342.07025105522496,-0.014835635717323473,0.22333333333333333,0.679456468458913,310.0,29.899999618530273,4410.1298828125,2.0829999446868896,304.73333740234375,306.1333312988281,Wait
2022-01-26,-0.012473124842489969,0.6889141004939385,304.73333740234375,317.086669921875,301.07000732421875,86595900,349.2594970703125,-8.406474557162937,21.24919429946784,395.31401495837383,303.2049791822511,338.64768726890145,-0.012551567227813773,0.20382165605095542,0.7315145292139358,306.1333312988281,31.15999984741211,4356.4501953125,2.128999948501587,317.4766540527344,312.4700012207031,Short
2022-01-27,0.02069905258271132,0.6963216992246478,317.4766540527344,329.2300109863281,302.0,104867400,346.74183044433596,-9.368839916302818,25.7493997799951,395.12093613416715,298.36272475450477,336.15457431193016,0.02048773822340817,0.321656050955414,0.6888262435339993,312.4700012207031,31.959999084472656,4349.93017578125,2.1670000553131104,311.1199951171875,276.3666687011719,Short
2022-01-28,-0.11554175561970448,0.7959836981336142,311.1199951171875,311.7966613769531,276.3333435058594,147109500,342.4569976806641,-12.89610038537728,15.505405664413445,399.5225634062819,285.39143195504624,330.4604880632865,-0.12277997465910719,0.034220532319391636,0.7275705028903049,276.3666687011719,30.489999771118164,4326.509765625,2.0910000801086426,277.1866760253906,282.1166687011719,Long
2022-01-31,0.020805692766870276,0.8044641231676835,277.1866760253906,285.8333435058594,264.0033264160156,134789100,338.7238311767578,-15.053969979263286,17.01458445642019,401.3427295482675,276.1049328052481,325.8563147907041,0.02059221036289143,0.1925133689839572,0.7298162926770466,282.1166687011719,27.65999984741211,4431.85009765625,2.0829999446868896,290.9033203125,312.239990234375,Long
2022-02-01,0.10677611383930952,0.9055045388758096,290.9033203125,312.663330078125,287.3500061035156,104436000,336.7228302001953,-14.170053328186043,32.201386197296046,400.0738758196134,273.37178458077716,324.55952197581564,0.10145138741776683,0.2440677966101695,0.7432854045835271,312.239990234375,24.829999923706055,4515.5498046875,2.0980000495910645,311.7366638183594,310.4166564941406,Wait
2022-02-02,-0.0058395266373975074,0.7399367231241939,311.7366638183594,314.5666809082031,301.6666564941406,73138200,332.24732971191406,-13.46149507282297,41.766721412593554,389.1130514191364,275.3816080046917,323.2125824061323,-0.005856643341232021,0.03508771929824561,0.6903868937296611,310.4166564941406,21.959999084472656,4546.5400390625,2.124000072479248,309.3933410644531,301.88665771484375,Short
2022-02-03,-0.02747919159891432,0.733874406198838,309.3933410644531,310.5,296.4700012207031,66792900,328.18182983398435,-13.433405230384722,46.65363426458218,381.20713619332884,275.15652347463987,321.1815419593429,-0.02786380690498853,0.03125,0.7602371513651442,301.88665771484375,22.09000015258789,4589.3798828125,2.0940001010894775,294.0,297.0466613769531,Long
2022-02-04,-0.016032495024879134,0.7168582921041111,294.0,312.3333435058594,293.50665283203125,78855600,324.8988296508789,-13.644406853942826,48.45800358404246,377.04713528768355,272.75052401407424,318.8829819038772,-0.016162405874435497,0.06,0.7360829992726241,297.0466613769531,24.350000381469727,4477.43994140625,2.1449999809265137,299.0733337402344,307.7733459472656,Long
2022-02-07,0.03611110968421327,0.732482478844894,299.0733337402344,312.1666564941406,293.72332763671875,73625400,322.542497253418,-12.798539763042356,56.082621858677555,373.2211208948353,271.8638736120007,317.82492133658087,0.035474386816493036,0.1728395061728395,0.6853853561462727,307.7733459472656,23.219999313354492,4500.52978515625,2.2330000400543213,307.92999267578125,302.4466552734375,Short
2022-02-08,-0.01730718642133755,0.7256340077195398,307.92999267578125,315.92333984375,300.9033203125,60994500,320.54882965087893,-12.414892269644668,57.4294191678153,371.08851181406504,270.0091474876928,316.36032456866246,-0.017458706575610557,0.2583732057416268,0.6795354991928173,302.4466552734375,22.860000610351562,4483.8701171875,2.2179999351501465,301.84332275390625,307.3333435058594,Long
2022-02-09,0.0161571905234128,0.7181349560388711,301.84332275390625,308.7633361816406,298.26666259765625,50729100,318.28016357421876,-11.583012211893163,68.00253542690676,366.7739358913411,269.7863912570964,315.5006120864907,0.016028052271245364,0.24545454545454545,0.6798052019467254,307.3333435058594,21.440000534057617,4521.5400390625,2.250999927520752,311.6666564941406,310.6666564941406,Wait
2022-02-10,0.010845920427172029,0.7194169337226662,311.6666564941406,315.42333984375,306.6666564941406,52259400,316.07349700927733,-10.533348883115082,76.9867121499133,361.48900250395604,270.6579915145986,315.04023536340975,0.010787525285489406,0.14942528735632185,0.7552719459746732,310.6666564941406,19.959999084472656,4587.18017578125,2.2320001125335693,302.7900085449219,301.51666259765625,Wait
2022-02-11,-0.029452771017468238,0.7036937999537068,302.7900085449219,314.60333251953125,298.8999938964844,66126900,312.7123306274414,-10.320838963329209,66.29358693872342,351.12666948645557,274.29799176842727,313.75227605238564,-0.0298952129692807,0.1323529411764706,0.7310677483501701,301.51666259765625,23.90999984741211,4504.080078125,2.309000015258789,303.2099914550781,286.6666564941406,Short
2022-02-14,-0.04925102969626416,0.6863751975738541,303.2099914550781,305.32000732421875,283.5666809082031,79645800,309.8529968261719,-11.221342060491565,43.68428074360024,346.99990613687976,272.706087515464,311.17269323731466,-0.050505215210130634,0.12121212121212122,0.7988860519080364,286.6666564941406,27.360000610351562,4418.64013671875,2.256999969482422,287.19000244140625,291.9200134277344,Long
2022-02-15,0.01832566437213501,0.6867918189175652,287.19000244140625,299.6266784667969,284.3833312988281,67756500,306.9554977416992,-11.379914679685498,36.3407201981411,339.7444973775217,274.1664981058767,309.33910468402127,0.018159773032297852,0.17256637168141592,0.6872486579087975,291.9200134277344,28.329999923706055,4401.669921875,2.3010001182556152,300.0,307.4766540527344,Long
2022-02-16,0.053290764282768466,0.719000337965102,300.0,307.6666564941406,297.7933349609375,57286200,305.15416412353517,-10.133481272447796,51.13900419226098,333.0880885216388,277.22023972543155,309.1617284334225,0.05191932445845771,0.3181818181818182,0.6872476263294817,307.4766540527344,25.700000762939453,4471.06982421875,2.361999988555908,304.6833190917969,307.7966613769531,Long
2022-02-17,0.0010407532409399955,0.7107702232348099,304.6833190917969,308.80999755859375,300.4033203125,51294300,303.94983062744143,-9.015921964304539,60.64007011520555,328.954969715146,278.9446915397369,309.0317220470921,0.0010402120327626255,0.13333333333333333,0.7413160928710165,307.7966613769531,24.290000915527344,4475.009765625,2.365000009536743,304.4200134277344,292.1166687011719,Short
2022-02-18,-0.05094269900666093,0.7307641693261724,304.4200134277344,306.1666564941406,291.3666687011719,55178400,301.95116424560547,-9.28842138688367,47.06148651787355,323.6584616245855,280.2438668666254,307.42076458557585,-0.05228610180162916,0.10784313725490197,0.7565798858450492,292.1166687011719,28.110000610351562,4380.259765625,2.312000036239624,295.3333435058594,285.6600036621094,Short
2022-02-22,-0.022103035296720752,0.7124448450678764,295.3333435058594,295.6233215332031,279.2033386230469,68501700,300.5024978637695,-9.911128728067354,35.29434583142845,322.511223281307,278.493772446232,305.3483111642933,-0.022350967561475237,0.16470588235294117,0.7691531958299739,285.6600036621094,27.75,4348.8701171875,2.250999927520752,278.0433349609375,273.84332275390625,Short
2022-02-23,-0.04136624223452856,0.7240180766568393,278.0433349609375,285.57666015625,267.0333251953125,83288100,298.69466400146484,-11.228698726195375,26.62236684739689,323.21519365631525,274.17413434661444,302.34783607758976,-0.04224617718140919,0.18149466192170818,0.7505801856896934,273.84332275390625,28.809999465942383,4304.759765625,2.253000020980835,276.80999755859375,254.67999267578125,Short
2022-02-24,-0.06997917599526948,0.7595948694021053,276.80999755859375,278.4333190917969,253.52000427246094,95256900,296.1219970703125,-13.661719229807659,16.504148082927077,327.2602389065855,264.98375523403945,297.8080414678937,-0.07254830168258311,0.012987012987012988,0.7496143931331138,254.67999267578125,31.020000457763672,4225.5,2.2750000953674316,233.4633331298828,266.92333984375,Long
2022-02-25,0.04807345500262783,0.7793016027869103,233.4633331298828,267.49334716796875,233.3333282470703,135322200,293.8446640014648,-14.435565500095436,27.426293755017788,326.5704221587757,261.1189058441539,294.86664131321334,0.04695367409397792,-0.04716981132075472,0.7088834341910102,266.92333984375,30.31999969482422,4288.7001953125,2.2929999828338623,269.74334716796875,269.9566650390625,Wait
2022-02-28,0.011364031324829549,0.6661937837138457,269.74334716796875,273.1666564941406,260.79998779296875,76067700,293.5241638183594,-14.635372784596939,35.785641655130405,327.08552691242164,259.96280072429715,292.49426262043704,0.011299945777284081,0.18032786885245902,0.6710240115254564,269.9566650390625,27.59000015258789,4384.64990234375,2.2960000038146973,271.6700134277344,290.1433410644531,Long
2022-03-01,0.07477746853358713,0.7147046296196956,271.6700134277344,292.28668212890625,271.57000732421875,99006900,293.9254974365234,-13.014798948097223,51.61437250457536,327.1022547878533,260.7487400851935,292.2703653293909,0.07211363413565586,0.2558139534883721,0.7039744564682137,290.1433410644531,30.149999618530273,4373.93994140625,2.181999921798706,289.8933410644531,288.1233215332031,Short
2022-03-02,-0.006962143345558558,0.5989516519853276,289.8933410644531,296.6266784667969,284.59332275390625,74766900,292.7196640014648,-11.75794295392393,60.207039342715134,324.8295927757183,260.60973522721133,291.875408777373,-0.006986492144572377,0.27631578947368424,0.7589235220235974,288.1233215332031,33.31999969482422,4306.259765625,2.1040000915527344,290.7099914550781,293.2966613769531,Long
2022-03-03,0.01795529711451649,0.6035703862582021,290.7099914550781,295.49334716796875,281.42333984375,74643300,291.8636642456055,-10.226544988572527,69.29713076408146,322.88138556070675,260.84594293050424,292.01076616780927,0.01779600470296842,0.08045977011494253,0.6857077620901227,293.2966613769531,30.739999771118164,4386.5400390625,2.2330000400543213,292.92333984375,279.7633361816406,Short
2022-03-04,-0.04614210448825773,0.6174357444480816,292.92333984375,295.4800109863281,277.5333251953125,61623600,290.7574981689453,-9.989771441685946,71.19614519351843,321.84804806978616,259.6669482681044,290.8443442643646,-0.04724057511561311,0.1111111111111111,0.6778094996772204,279.7633361816406,30.479999542236328,4363.490234375,2.2269999980926514,283.0333251953125,279.42999267578125,Short
2022-03-07,-0.0011915196265851469,0.6155509399601596,283.0333251953125,285.2166748046875,275.0533447265625,66999600,289.87666473388674,-9.717013057080578,72.0695641739243,321.2142068684998,258.5391225992737,289.75726316069,-0.0011922300504741562,0.16822429906542055,0.7458815388317526,279.42999267578125,31.979999542236328,4328.8701171875,2.1510000228881836,285.4333190917969,268.1933288574219,Short
2022-03-08,-0.04021280504200253,0.6119304310785659,285.4333190917969,288.71331787109375,268.19000244140625,72494100,287.89766387939454,-10.288950318958825,65.4409404183628,319.4746185576346,256.3207092011545,287.7035551318073,-0.04104369101185902,0.21764705882352942,0.7573976733804945,268.1933288574219,36.45000076293945,4201.08984375,2.1519999504089355,265.1766662597656,274.79998779296875,Long
2022-03-09,0.02463394210323222,0.6198504573650404,265.1766662597656,283.3299865722656,260.72332763671875,80399100,286.5153305053711,-10.092769394586696,65.51858539779161,317.8300432882835,255.20061772245867,286.47464395667987,0.024335419149005895,0.0297029702970297,0.655064050983634,274.79998779296875,35.130001068115234,4170.7001953125,2.24399995803833,279.82666015625,286.3233337402344,Long
2022-03-10,0.04193357517885765,0.6375011981207183,279.82666015625,286.85333251953125,277.336669921875,59184000,285.46483001708987,-8.904807803976666,67.867707835755,315.2092838872579,255.72037614692178,286.4602334598755,0.04107819387010212,0.313953488372093,0.5992471336794045,286.3233337402344,32.45000076293945,4277.8798828125,2.302000045776367,283.8166809082031,279.4333190917969,Short
2022-03-11,-0.024063755330148706,0.6396532339727443,283.8166809082031,284.8166809082031,270.1199951171875,58648500,283.90316314697264,-8.42222017298684,61.61723175755927,311.26025803799246,256.54606825595283,285.79100352005844,-0.024358017786858904,0.13725490196078433,0.7180724429969266,279.4333190917969,30.229999542236328,4259.52001953125,2.3940000534057617,280.0666809082031,265.1166687011719,Short
2022-03-14,-0.0512345859010529,0.6553960056610553,280.0666809082031,281.26666259765625,264.5899963378906,67037100,282.0831634521484,-9.09021371066018,41.83290622109621,309.3494896171296,254.81683728716726,283.8220192515931,-0.05259370365966602,0.0851063829787234,0.713307824909484,265.1166687011719,30.75,4204.31005859375,2.364000082015991,260.2033386230469,255.4566650390625,Short
2022-03-15,-0.036436802368687404,0.6455820734567964,260.2033386230469,266.8999938964844,252.01333618164062,71152200,280.52266387939454,-10.28057687463911,28.02449594860209,310.15429139206793,250.89103636672112,281.1205569456378,-0.03711720154932235,0.2032967032967033,0.6872075851385406,255.4566650390625,31.770000457763672,4173.10986328125,2.4760000705718994,258.42333984375,267.2966613769531,Long
2022-03-16,0.046348355546253384,0.6663191812723234,258.42333984375,268.5233459472656,252.19000244140625,66841200,279.29149627685547,-10.151538883569913,30.55019024967465,308.9753408999687,249.60765165374224,279.80399546290596,0.04530634609366675,0.13131313131313133,0.7234619808137481,267.2966613769531,29.829999923706055,4262.4501953125,2.505000114440918,269.6666564941406,280.07666015625,Long
2022-03-17,0.047812040425278646,0.6603765524262265,269.6666564941406,280.6666564941406,267.4200134277344,84028800,277.92149658203124,-8.91526660750543,48.70737253695199,304.49431958176973,251.34867358229275,279.8299635289387,0.046704219074345354,0.14634146341463414,0.739067667920694,280.07666015625,26.670000076293945,4357.85986328125,2.4590001106262207,276.9966735839844,290.5333251953125,Long
2022-03-18,0.037335010469022656,0.6763052438907103,276.9966735839844,291.6666564941406,275.239990234375,66582900,277.0583297729492,-7.01092881992281,68.13163479807577,300.47976615738946,253.63689338850895,280.8493313066886,0.03665493442277862,0.19753086419753085,0.678596954871221,290.5333251953125,25.670000076293945,4411.669921875,2.484999895095825,291.4966735839844,301.7966613769531,Long
2022-03-21,0.03876779427650434,0.6651109957270297,291.4966735839844,302.6166687011719,289.1300048828125,100414200,277.5423294067383,-4.540529902683943,80.48305842195825,302.6157955972693,252.46886321620727,282.8443151229043,0.03803519751155836,0.32926829268292684,0.6489284243812166,301.7966613769531,23.8700008392334,4463.1201171875,2.4179999828338623,304.99334716796875,307.0533447265625,Long
2022-03-22,0.017417963888751054,0.6605273798722519,304.99334716796875,314.2833251953125,302.36334228515625,81981600,278.61199645996095,-2.1339516814859962,83.96498304250063,306.7782080025062,250.44578491741575,285.14993698991935,0.017268009913468576,0.3402061855670103,0.6811541247934998,307.0533447265625,23.530000686645508,4461.18017578125,2.5339999198913574,310.0,331.32666015625,Long
2022-03-23,0.07905243778179138,0.6875192577405497,310.0,332.6199951171875,307.25,105868500,281.4861633300781,1.7121954683335048,90.00657478267476,318.0755558420722,244.896770818084,289.54772014861754,0.0760832835953988,0.3532110091743119,0.7113392065608938,331.32666015625,22.940000534057617,4511.60986328125,2.5929999351501465,326.64666748046875,333.03668212890625,Long
2022-03-24,0.005161136057840299,0.6192635309628913,326.64666748046875,346.8999938964844,325.4666748046875,120676200,285.40399780273435,4.842458430046861,88.42147344099686,326.42034621230613,244.38764939316258,293.6895260515022,0.005147863044765912,0.2558139534883721,0.6647258571142537,333.03668212890625,23.56999969482422,4456.240234375,2.5190000534057617,336.57666015625,337.97332763671875,Wait
2022-03-25,0.014823128420135223,0.6062657396260797,336.57666015625,341.4966735839844,329.6000061035156,68920800,288.9564971923828,7.633565424262656,89.46118057987835,335.2068767809049,242.70611760386072,297.90703096437994,0.014714339594958641,0.29,0.7005769628014331,337.97332763671875,21.670000076293945,4520.16015625,2.510999917984009,336.0,336.8800048828125,Wait
2022-03-28,-0.003234937980317265,0.6088559266674044,336.0,340.6000061035156,332.44000244140625,62031600,292.3026641845703,9.646121334812278,89.58017545176673,342.2972869566867,242.30804141245386,301.6187427661354,-0.003240181703986614,0.3625,0.621222763200921,336.8800048828125,20.809999465942383,4543.06005859375,2.6029999256134033,355.0333251953125,363.9466552734375,Long
2022-03-29,0.0803450783611821,0.6167602138481001,355.0333251953125,365.9599914550781,351.20001220703125,102506100,295.99282989501955,13.272145839084033,93.02989796913752,355.3371388537389,236.6485209363002,307.5547344334975,0.07728050710253655,0.14360313315926893,0.7183128642034821,363.9466552734375,19.6299991607666,4575.52001953125,2.572999954223633,369.3299865722656,366.5233459472656,Short
2022-03-30,0.007079858095940583,0.6130051312475914,369.3299865722656,371.5899963378906,357.7033386230469,73614900,299.91283111572267,16.167346677219655,93.82437654331633,366.9298668428239,232.89579538862142,313.170792672904,0.007054913567225325,0.23300970873786409,0.580802073794872,366.5233459472656,18.899999618530273,4631.60009765625,2.5239999294281006,363.72332763671875,364.663330078125,Wait
2022-03-31,-0.00507475414515135,0.6158841539379172,363.72332763671875,371.3166809082031,361.3333435058594,59865000,303.4811645507813,18.103045820930447,93.02279323340642,376.3585496252208,230.60377947634174,318.0748438543536,-0.005087674440050588,0.14285714285714285,0.7034524581126592,364.663330078125,19.329999923706055,4602.4501953125,2.4800000190734863,364.8566589355469,359.20001220703125,Short
2022-04-01,-0.014981813142339484,0.5863219469742139,364.8566589355469,367.71331787109375,358.8800048828125,48992700,307.45299835205077,18.97749647861167,88.7093722545943,383.4783864790137,231.42761022508785,321.99152655460864,-0.01509517416561853,0.33695652173913043,0.7152525706679489,359.20001220703125,20.559999465942383,4530.41015625,2.447999954223633,360.3833312988281,361.5299987792969,Wait
2022-04-04,0.006486599368272561,0.5844503763273982,360.3833312988281,364.9166564941406,355.5466613769531,54263100,311.55799865722656,19.632207501321943,86.9629863165419,390.03876514750044,233.07723216695268,325.75709533791223,0.006465651918934319,0.19469026548672566,0.7423226950357286,361.5299987792969,19.6299991607666,4545.85986328125,2.4240000247955322,363.1266784667969,381.8166809082031,Long
2022-04-05,0.05611341298759176,0.5665672229620166,363.1266784667969,383.3033447265625,357.510009765625,82035900,317.2391662597656,21.539739697474147,91.12416602779794,398.8887647124014,235.58956780712987,331.0961034874638,0.05459557817973847,0.3123209169054441,0.7049843481944525,381.8166809082031,18.56999969482422,4582.64013671875,2.4739999771118164,378.76666259765625,363.7533264160156,Short
2022-04-06,-0.047308971544201106,0.6118362667939871,378.76666259765625,384.2900085449219,362.4333190917969,80075100,321.686833190918,21.347826504798206,79.68192926682977,403.29368121240446,240.0799851694315,334.2063151949449,-0.048464637280470575,0.1875,0.6228566853221136,363.7533264160156,21.030000686645508,4525.1201171875,2.5840001106262207,357.8233337402344,348.586669921875,Short
2022-04-07,-0.041694894294368345,0.6342794265559081,357.8233337402344,359.6666564941406,342.5666809082031,89348400,324.8,19.74431135995195,60.158585588238466,405.47172827693305,244.12827172306697,335.5758727879859,-0.042589069768463106,0.25,0.7108186533109109,348.586669921875,22.100000381469727,4481.14990234375,2.631999969482422,350.7966613769531,352.4200134277344,Wait
2022-04-08,0.010996816105212748,0.620908594279758,350.7966613769531,358.86334228515625,340.5133361816406,79447200,328.4493347167969,18.56878346220708,46.68040817089554,407.0569991452494,249.8416702883444,337.1800766584381,0.01093679078037125,0.3125,0.6738756499595393,352.4200134277344,21.549999237060547,4500.2099609375,2.687000036239624,347.7366638183594,341.8299865722656,Short
2022-04-11,-0.03004944796541842,0.5961782841313982,347.7366638183594,349.4800109863281,340.8133239746094,55013700,332.2850006103516,16.591387286475424,28.849059682738954,405.1580725415099,259.41192867919324,337.6229252216598,-0.030510186068030958,0.43983402489626555,0.6750851593224982,341.8299865722656,21.15999984741211,4488.27978515625,2.746000051498413,326.79998779296875,325.30999755859375,Wait
2022-04-12,-0.048328086073804455,0.610692597406143,326.79998779296875,336.15667724609375,324.8800048828125,59357100,335.7776672363281,13.535235748427283,17.139195907735218,399.23405097717415,272.3212834954821,336.4502654442249,-0.049534931817513166,0.31746031746031744,0.7102077991270828,325.30999755859375,24.3700008392334,4412.52978515625,2.819999933242798,332.5466613769531,328.98333740234375,Short
2022-04-13,0.011291813566499442,0.597731244222467,332.5466613769531,340.39666748046875,325.5333251953125,65976000,338.8620010375977,11.279597285942998,12.584088968747334,393.71709720231024,284.0069048728851,335.7391294402362,0.01122853693277581,0.2127659574468085,0.7013403515563016,328.98333740234375,24.260000228881836,4397.4501953125,2.8259999752044678,327.02667236328125,340.7900085449219,Long
2022-04-14,0.03588835603591267,0.5894594927757721,327.02667236328125,342.0799865722656,324.3666687011719,55121100,341.8976684570313,10.325659467325465,18.12896613979217,389.26372972273015,294.5316071913324,336.22016554544433,0.03525937358618668,0.23595505617977527,0.6912188166583384,340.7900085449219,21.81999969482422,4446.58984375,2.7939999103546143,333.0966796875,328.3333435058594,Short
2022-04-18,-0.03655231880843268,0.6030448670917652,333.0966796875,337.57000732421875,327.39666748046875,58422300,343.7876693725586,8.466906877345764,13.309209209935519,385.1616656367586,302.4136731083586,335.46903963691244,-0.03723709338922126,0.01675977653631285,0.6313429625413682,328.3333435058594,22.700000762939453,4392.58984375,2.9189999103546143,329.6766662597656,334.7633361816406,Long
2022-04-19,0.019583733431163042,0.5933274685952399,329.6766662597656,338.3066711425781,324.4700012207031,51715200,345.43600311279295,7.427064157026905,14.71594886782623,382.1280062492932,308.7439999762927,335.4018297840294,0.01939443951963136,0.13395638629283488,0.6829162544499144,334.7633361816406,22.170000076293945,4391.68994140625,2.953000068664551,335.0199890136719,342.7166748046875,Long
2022-04-20,0.023758093445249484,0.5953900793420362,335.0199890136719,344.9800109863281,331.77667236328125,49847700,347.2191696166992,7.162188022353121,29.487069499993417,379.2241439779076,315.21419525549084,336.0984816907587,0.023480261839117743,0.09278350515463918,0.7511446019631768,342.7166748046875,21.3700008392334,4462.2099609375,2.990000009536743,343.3333435058594,325.73333740234375,Short
2022-04-21,-0.04955503671370076,0.5605774445965769,343.3333435058594,344.6666564941406,325.0833435058594,70711200,346.9395034790039,5.518247462836598,19.34304504466804,379.6198281226408,314.25917883536704,335.11132509186206,-0.05082502163771964,0.21428571428571427,0.6998333232356782,325.73333740234375,20.31999969482422,4459.4501953125,2.878999948501587,358.24334716796875,336.260009765625,Short
2022-04-22,0.03231684066245499,0.5722286825052134,358.24334716796875,364.0733337402344,332.1400146484375,105416400,347.10066986083984,5.007108381507464,23.522063394834525,379.52308199810204,314.67825772357764,335.2207236322204,0.03180563608534794,0.06796116504854369,0.7360028621674212,336.260009765625,22.68000030517578,4393.66015625,2.933000087738037,338.3033447265625,335.01666259765625,Short
2022-04-25,-0.003697576672395231,0.5701081653024096,338.3033447265625,344.95001220703125,331.3333435058594,69696600,346.95283660888674,4.450397835653746,24.841421969788183,379.5768142418958,314.32885897587767,335.20128924797626,-0.003704429607069112,0.043859649122807015,0.7212372711987697,335.01666259765625,28.209999084472656,4271.77978515625,2.944000005722046,326.3233337402344,332.67333984375,Long
2022-04-26,-0.006994645387893739,0.570561932431547,326.3233337402344,336.2066650390625,325.1000061035156,68341200,346.7425033569336,3.77658009046354,23.287197854708836,379.692532160345,313.79247455352214,334.9605321618595,-0.007019222592886596,0.04833836858006042,0.761232226946267,332.67333984375,27.020000457763672,4296.1201171875,2.8940000534057617,331.80999755859375,292.1400146484375,Short
2022-04-27,-0.12184121881948873,0.6400059778302674,331.80999755859375,333.3333435058594,291.6666564941406,136133700,343.1521713256836,-0.02780539602628096,14.226882536201838,383.1119804482841,303.19236220308306,330.8823876367717,-0.1299278575282087,-0.02304147465437788,0.7099973677139785,292.1400146484375,33.52000045776367,4175.2001953125,2.86899995803833,299.52667236328125,293.836669921875,Short
2022-04-28,0.005807678470473254,0.6395680871222861,299.52667236328125,306.0,292.4533386230469,76956300,339.51783752441406,-2.872786705269391,9.629241974488766,383.5426495984448,295.4930254503833,327.35422404487673,0.005790878918745771,0.0975609756097561,0.7061165341330632,293.836669921875,31.600000381469727,4183.9599609375,2.9079999923706055,299.99334716796875,292.5033264160156,Short
2022-04-29,-0.004537702888526063,0.6396279146388061,299.99334716796875,300.0,273.8999938964844,124948500,335.9098373413086,-5.1753859399839826,13.902390214762693,382.9799743124675,288.8397003701497,324.0350909373662,-0.004548029513557434,0.13043478260869565,0.6922520843380613,292.5033264160156,29.989999771118164,4287.5,2.928999900817871,300.75,290.2533264160156,Short
2022-05-02,-0.007692220213591394,0.6394231667578331,300.75,311.4666748046875,290.0,88133100,332.46250305175784,-7.099925101769145,15.55107224907465,382.36449540585454,282.56051069766113,320.81778003057093,-0.007721957937068309,0.09174311926605505,0.6725874709347683,290.2533264160156,33.400001525878906,4131.93017578125,2.947000026702881,286.92333984375,300.9800109863281,Long
2022-05-03,0.03695628471433299,0.6585771192429799,286.92333984375,302.1199951171875,282.6766662597656,75781500,329.43500366210935,-7.671154164775146,21.329222844654502,379.2587032479753,279.6113040762434,318.92846869302394,0.03628977282780161,0.12121212121212122,0.6808117297246709,300.9800109863281,32.34000015258789,4155.3798828125,3.061000108718872,301.05999755859375,303.0833435058594,Long
2022-05-04,0.006988279761963367,0.6166226394403123,301.05999755859375,308.02667236328125,296.1966552734375,63709500,325.4983367919922,-7.8634905326403555,25.79717893334982,370.0594194183529,280.9372541656315,317.4194091513892,0.006963974902024329,0.16901408450704225,0.6966432883674143,303.0833435058594,29.25,4175.47998046875,3.00600004196167,301.3133239746094,317.5400085449219,Long
2022-05-05,0.04769864576468552,0.6338599288506521,301.3133239746094,318.5,295.09332275390625,81643800,323.1876708984375,-6.7713307546876536,40.135711708704974,364.0343292630284,282.3410125338466,317.4308948079161,0.04659599279666411,0.14893617021276595,0.6871703989348432,317.5400085449219,25.420000076293945,4300.169921875,3.003000020980835,313.00665283203125,291.09332275390625,Short
2022-05-06,-0.08328615317548016,0.6804219992011376,313.00665283203125,315.20001220703125,285.8999938964844,92519100,320.31300354003906,-7.948190983156849,35.34274278720959,361.72187344131953,278.9041336387586,314.9225546122961,-0.08695990905101429,0.0,0.6546536707079771,291.09332275390625,31.200000762939453,4146.8701171875,3.1600000858306885,295.6666564941406,288.54998779296875,Short
2022-05-09,-0.008737180698190294,0.6766860381412575,295.6666564941406,296.0,281.03668212890625,72903000,317.11950225830077,-8.982541917067522,31.173545496964444,357.94998360321176,276.2890209133898,312.410881581884,-0.00877557365586079,0.25,0.6454972243679028,288.54998779296875,30.190000534057617,4123.33984375,3.2209999561309814,278.8166809082031,262.3699951171875,Short
2022-05-10,-0.09072948807249681,0.733553398903774,278.8166809082031,281.8766784667969,260.3833312988281,90810300,313.14650268554686,-11.778998139514954,20.10325186309867,359.00685126831866,267.2861541027751,307.6450828709605,-0.0951126361970946,0.14583333333333334,0.7315251258589144,262.3699951171875,34.75,3991.239990234375,3.2079999446868896,273.10333251953125,266.67999267578125,Short
2022-05-11,0.016427173986372612,0.7271016221928491,273.10333251953125,275.1199951171875,258.0833435058594,84401700,310.2150024414062,-13.491902803259563,17.653462713878806,360.11886167191255,260.3111432108999,303.74364570951485,0.016293707630266798,0.0136986301369863,0.7142519730204656,266.67999267578125,32.9900016784668,4001.050048828125,3.130000114440918,265.0,244.6666717529297,Short
2022-05-12,-0.08254582843646041,0.7677899391154261,265.0,269.92333984375,242.39999389648438,97224600,305.99916915893556,-16.436216641312456,11.684009906327748,362.97237669868423,249.0259616191869,298.11726723745915,-0.08615264955046516,-0.0072992700729927005,0.7425745195815814,244.6666717529297,32.560001373291016,3935.179931640625,3.0439999103546143,233.6666717529297,242.6666717529297,Long
2022-05-13,-0.008174386751047313,0.7457847573028711,233.6666717529297,253.22000122070312,226.6666717529297,140313000,301.09300231933594,-18.71525207977203,13.84137341121318,362.2010835384436,239.9849211002283,292.83625814369447,-0.008207980246495447,0.051094890510948905,0.7207141870804231,242.6666717529297,31.770000457763672,3930.080078125,2.984999895095825,257.82666015625,256.5299987792969,Short
2022-05-16,0.05712909369145702,0.7842556348106973,257.82666015625,262.45001220703125,250.52333068847656,92150700,297.5028350830078,-19.181635500054085,21.236618618384398,360.286469616204,234.71920054981163,289.37851915660895,0.05555683158900242,0.05405405405405406,0.7365501629258814,256.5299987792969,28.8700008392334,4023.889892578125,3.0929999351501465,255.72000122070312,241.4566650390625,Short
2022-05-17,-0.05875856161837267,0.7929158746664061,255.72000122070312,256.586669921875,239.69667053222656,86098500,292.8375015258789,-20.530872660464127,19.211480103344872,357.7925452912699,227.88245776048788,284.81453305017595,-0.06055559591829793,-0.05603448275862069,0.6971542393458038,241.4566650390625,27.469999313354492,4008.010009765625,3.0840001106262207,249.1199951171875,253.8699951171875,Long
2022-05-18,0.05141017778952928,0.8165536565949343,249.1199951171875,254.82666015625,242.9499969482422,80236200,288.3951675415039,-20.36376008577298,23.814837074101753,351.10057254540015,225.6897625376076,281.86743419941513,0.050132289582274676,0.011764705882352941,0.715377317142746,253.8699951171875,26.100000381469727,4088.85009765625,3.1619999408721924,248.17333984375,236.60333251953125,Short
2022-05-19,-0.06801379812405906,0.8298570110462399,248.17333984375,253.5,233.60333251953125,87811800,283.9386672973633,-21.378163374522842,20.070784096478576,348.1224404347232,219.75489416000335,277.5565673727595,-0.07043726926027942,-0.015267175572519083,0.7230781724355467,236.60333251953125,30.959999084472656,3923.679931640625,3.072000026702881,235.6666717529297,236.47332763671875,Wait
2022-05-20,-0.0005494634476534976,0.813292802826553,235.6666717529297,244.6666717529297,231.3699951171875,90296700,278.94933319091797,-21.9396687523772,19.141382186431688,341.50114074123724,216.39752564059873,273.64387787408896,-0.0005496144580126333,-0.07746478873239436,0.715323104716634,236.47332763671875,29.350000381469727,3900.7900390625,3.065999984741211,237.99667358398438,221.3000030517578,Short
2022-05-23,-0.06416505716141863,0.8291743100457993,237.99667358398438,240.52667236328125,211.0,144973200,273.26350021362305,-23.339977562289874,17.895571489815858,335.02498861926995,211.50201180797612,268.65874693862884,-0.06631616117599509,0.012396694214876033,0.6599472188041131,221.3000030517578,29.43000030517578,3901.360107421875,2.996000051498413,218.33999633789062,224.96665954589844,Long
2022-05-24,0.01656871415985961,0.8379395355763288,218.33999633789062,226.65333557128906,212.68666076660156,88903500,267.87816619873047,-23.878606139614305,20.194115800470243,326.5329209527387,209.22341144472222,264.4975957583688,0.016432950581559483,-0.03117505995203837,0.7477445641545332,224.96665954589844,28.479999542236328,3973.75,3.065000057220459,217.8433380126953,209.3866729736328,Short
2022-05-25,-0.06925464690507588,0.7695051388354154,217.8433380126953,217.97332763671875,206.85667419433594,89092500,263.74049911499026,-25.271335650238825,13.94469862884692,326.7058495263809,200.7751487035996,259.2489364455368,-0.07176955888757142,0.028169014084507043,0.7040275418918518,209.3866729736328,29.450000762939453,3941.47998046875,2.9730000495910645,207.9499969482422,219.60000610351562,Long
2022-05-26,0.04877737911795821,0.7997155594988252,207.9499969482422,223.10667419433594,207.6699981689453,92139300,260.02866592407224,-25.25977424050683,17.472026979489364,324.2635432143379,195.79378863380654,255.4728478415348,0.04762508488803113,0.125,0.709885207532891,219.60000610351562,28.3700008392334,3978.72998046875,2.9649999141693115,220.47332763671875,235.91000366210938,Long
2022-05-27,0.07427138936829314,0.8578821147726516,220.47332763671875,239.55667114257812,217.8866729736328,106003200,257.19899978637693,-23.66177305452692,33.84522048339217,320.3879953699299,194.01000420282395,253.60971982444664,0.07164265445291097,0.32558139534883723,0.640622132638473,235.91000366210938,27.5,4057.840087890625,2.990999937057495,241.0833282470703,253.2100067138672,Long
2022-05-31,0.07333306253742577,0.9066990216673331,241.0833282470703,253.26666259765625,240.17666625976562,89295000,255.34683380126953,-20.760070764464842,59.13605306726666,316.59825132066504,194.095416281874,253.57165190915336,0.0707688185938516,0.3673469387755102,0.694421885226304,253.2100067138672,25.719999313354492,4158.240234375,2.9719998836517334,257.9466552734375,252.75332641601562,Short
2022-06-01,-0.001803563389055185,0.893115639806634,257.9466552734375,259.6000061035156,244.7433319091797,101914500,252.9354995727539,-18.286505623481645,70.69800490425268,310.29639853980643,195.57460060570142,253.49371614790215,-0.0018051917677216725,0.25416666666666665,0.6768615530994181,252.75332641601562,26.190000534057617,4132.14990234375,3.056999921798706,251.72000122070312,246.7899932861328,Short
2022-06-02,-0.02359349020027357,0.8932824573842654,251.72000122070312,257.32666015625,243.63999938964844,77247900,250.12083206176757,-16.61584149633751,73.12754932607147,302.42220449298367,197.81945963055148,252.85526635154318,-0.023876273341224673,0.08695652173913043,0.7360747380985777,246.7899932861328,25.690000534057617,4101.22998046875,3.0759999752044678,244.1566619873047,258.3333435058594,Long
2022-06-03,0.04677398003874078,0.8925138554146965,244.1566619873047,264.2099914550781,242.06666564941406,93473100,247.16049880981444,-14.196725236786733,80.11099212616378,289.06298693766445,205.25801068196444,253.37698798528757,0.04571303469577831,0.272,0.68833600197353,258.3333435058594,24.719999313354492,4176.81982421875,3.0759999752044678,243.22666931152344,234.51666259765625,Short
2022-06-06,-0.09219359988526965,0.9028804841836354,243.22666931152344,247.79666137695312,233.4166717529297,112393800,244.33166580200196,-14.039526356747047,67.67564650999161,281.06646381619646,207.5968677878075,251.58076651979889,-0.09672413884722543,-0.18316831683168316,0.7131416453653279,234.51666259765625,24.790000915527344,4108.5400390625,3.114000082015991,244.35333251953125,238.27999877929688,Short
2022-06-07,0.0160472016783606,0.9073210786060716,244.35333251953125,244.86666870117188,234.35000610351562,84204600,241.81816635131835,-13.45616108459933,62.61257358723937,272.1318758213795,211.50445688125723,250.31402673498917,0.01591980642197778,-0.01932367149758454,0.7304829673592591,238.27999877929688,25.06999969482422,4121.43017578125,3.190999984741211,234.0,238.8866729736328,Long
2022-06-08,0.0025460558898939833,0.8532545807420702,234.0,239.99667358398438,230.0933380126953,72808500,240.6440002441406,-12.797366293658001,59.66209335524685,269.3842794449763,211.9037210433049,249.2257073291457,0.002542820180630796,0.189873417721519,0.7351251309338276,238.8866729736328,24.020000457763672,4160.68017578125,3.122999906539917,240.086669921875,241.86666870117188,Long
2022-06-09,0.012474516432601446,0.8521578890438295,240.086669921875,249.9633331298828,239.17666625976562,76210500,239.40333404541016,-11.897657139656303,56.47823945301636,265.42500232194413,213.38166576887622,248.5248465074339,0.012397350726358317,0.15294117647058825,0.6814879091430187,241.86666870117188,23.959999084472656,4115.77001953125,3.177000045776367,249.33999633789062,239.7066650390625,Short
2022-06-10,-0.008930555308462429,0.8000448291658018,249.33999633789062,255.54666137695312,239.32666015625,96491400,239.15533370971679,-11.229478953416873,45.104170255059834,265.0600721384274,213.25059528100616,247.6850197009223,-0.008970671737446728,0.29508196721311475,0.7005136791765407,239.7066650390625,26.09000015258789,4017.820068359375,3.1710000038146973,235.1566619873047,232.22999572753906,Short
2022-06-13,-0.031190911234383223,0.8073762541136831,235.1566619873047,239.5,227.913330078125,97536600,238.63349990844728,-11.174435716075436,31.65429053104298,264.66060358711405,212.60639622978047,246.2131126558382,-0.0316877053198606,0.18115942028985507,0.64202584533529,232.22999572753906,27.75,3900.860107421875,3.196000099182129,223.1666717529297,215.73666381835938,Short
2022-06-14,-0.07102153990705962,0.8132209083444071,223.1666717529297,226.63333129882812,214.68333435058594,102767400,236.59383316040038,-12.319674064576361,19.57446109110462,263.1048982594773,210.08276806132346,243.31059371893545,-0.07366972655880115,0.16831683168316833,0.6920918889138635,215.73666381835938,34.02000045776367,3749.6298828125,3.367000102996826,218.2866668701172,220.88999938964844,Long
2022-06-15,0.023887157055640484,0.7966917931325849,218.2866668701172,226.3300018310547,211.73666381835938,97988700,235.56549987792968,-12.665453134614438,18.393815874551333,262.8661171629815,208.26488259287788,241.1752990209081,0.023606322357198544,0.2191780821917808,0.671784012546397,220.88999938964844,32.689998626708984,3735.47998046875,3.431999921798706,220.9166717529297,233.0,Long
2022-06-16,0.05482367080362738,0.7998826635872414,220.9166717529297,235.663330078125,218.14999389648438,119131800,234.52200012207032,-11.825987079435436,30.20015155208444,260.4369907179974,208.60700952614323,240.39669911415496,0.0533736162801124,0.23863636363636365,0.6607957268971066,233.0,29.6200008392334,3789.989990234375,3.4130001068115234,222.73666381835938,213.10000610351562,Short
2022-06-17,-0.08540769912654234,0.8207274188892866,222.73666381835938,225.1666717529297,208.69332885742188,107390700,233.34683380126953,-12.620980571200619,21.83261935118928,260.941595199956,205.75207240258305,237.79701406552263,-0.08927688581957327,-0.047619047619047616,0.7097388269810123,213.10000610351562,32.95000076293945,3666.77001953125,3.361999988555908,213.43333435058594,216.75999450683594,Long
2022-06-21,0.017174980283869212,0.8241003832732274,213.43333435058594,220.97000122070312,213.19667053222656,92641800,232.36116714477538,-12.808044994726743,19.857532761356687,260.8785822044648,203.84375208508595,235.79348839326676,0.017029157609637507,-0.03508771929824561,0.7550996216370998,216.75999450683594,31.1299991607666,3674.840087890625,3.2939999103546143,224.60333251953125,237.0366668701172,Long
2022-06-22,0.0935443480214786,0.8583913073680152,224.60333251953125,243.57666015625,224.3333282470703,122793000,233.14800033569335,-11.191132488512778,35.99706888698192,261.24569788209766,205.05030278928908,235.911886343443,0.08942411634475682,0.2554112554112554,0.7099624482743588,237.0366668701172,30.190000534057617,3764.7900390625,3.390000104904175,234.50332641601562,236.086669921875,Long
2022-06-23,-0.004007805884153504,0.8577699891250411,234.50332641601562,246.8333282470703,233.82666015625,101107500,233.7040008544922,-9.872569654860058,45.08101059482793,261.55908295896796,205.84891875001642,235.92853239853176,-0.004015858661335937,0.1326530612244898,0.727058118212412,236.086669921875,28.950000762939453,3759.889892578125,3.243000030517578,237.9066619873047,235.07000732421875,Short
2022-06-24,-0.004306310889948484,0.8142706919561531,237.9066619873047,239.31666564941406,228.6366729736328,104202600,234.9881675720215,-8.808100979248735,54.882103670972754,260.38233785500523,209.59399728903776,235.84676810574007,-0.0043156097521520964,-0.0641025641025641,0.7617434477913678,235.07000732421875,29.049999237060547,3795.72998046875,3.178999900817871,237.47000122070312,245.7066650390625,Long
2022-06-27,0.04524889345059324,0.8119661153888031,237.47000122070312,246.06666564941406,236.086669921875,95770800,236.29350051879882,-7.025230022765186,71.9796858337588,261.03262888385046,211.55437215374718,236.78580590891363,0.04425503260828766,0.09259259259259259,0.7835217668893304,245.7066650390625,27.229999542236328,3911.739990234375,3.256999969482422,249.36666870117188,244.9199981689453,Short
2022-06-28,-0.0032016505127857586,0.7722874691212241,249.36666870117188,252.07000732421875,242.56666564941406,89178300,236.74400024414064,-5.611088254215986,76.95194979188183,261.7800863476459,211.70791414063535,237.5604908860595,-0.003206786761701394,0.2932330827067669,0.7154353928353598,244.9199981689453,26.950000762939453,3900.110107421875,3.305000066757202,244.48333740234375,232.663330078125,Short
2022-06-29,-0.0500435578248114,0.7470433468907405,244.48333740234375,249.97000122070312,232.3433380126953,90391200,235.7166664123535,-5.416938303147873,68.58869382472912,259.5659335928381,211.86739923186892,237.09409461863717,-0.05133914578061633,0.22058823529411764,0.6428850140982159,232.663330078125,28.360000610351562,3821.550048828125,3.309999942779541,230.5,228.49000549316406,Short
2022-06-30,-0.01793718238090891,0.7488480384962976,230.5,231.17333984375,222.27333068847656,82897200,234.50350036621094,-5.5360098091951215,59.54228754803056,257.1415319238375,211.86546880858438,236.27465755906832,-0.018100003611393488,0.1125,0.7290317837873406,228.49000549316406,28.15999984741211,3818.830078125,3.2119998931884766,224.50999450683594,224.47332763671875,Wait
2022-07-01,-0.017579227799377373,0.747059432895097,224.50999450683594,229.4566650390625,218.8633270263672,94600500,233.38766708374024,-5.886629766194204,47.32474424188853,255.67302703735916,211.10230713012132,235.15072137598742,-0.0177355774717728,0.11688311688311688,0.7942892548493306,224.47332763671875,28.709999084472656,3785.3798828125,3.11899995803833,227.0,227.26333618164062,Wait
2022-07-05,0.012429131666979787,0.7259534085926959,227.0,230.22999572753906,222.1199951171875,74460300,231.83416671752929,-5.871683127596384,38.37458041305838,250.89628353448882,212.77204990056975,234.39954183366868,0.012352524133575146,0.3026315789473684,0.6932000546663811,227.26333618164062,26.700000762939453,3825.330078125,3.115999937057495,223.0,233.06666564941406,Long
2022-07-06,0.025535704813974602,0.6561564465538438,223.0,233.14666748046875,216.1666717529297,84581100,231.76166687011718,-5.330115369127867,41.6534404364709,250.79182884771092,212.73150489252345,234.27260124469205,0.025215114905161356,0.3140794223826715,0.7062738780180668,233.06666564941406,27.540000915527344,3831.389892578125,3.0320000648498535,230.77999877929688,231.73333740234375,Wait
2022-07-07,-0.005720802000385383,0.653863028583583,230.77999877929688,234.56333923339844,227.18666076660156,71853600,231.43433380126953,-4.951430457055551,42.22717796101297,250.2160033148934,212.65266428764565,234.03076659303986,-0.00573722846648063,0.2564102564102564,0.7105128463500887,231.73333740234375,26.729999542236328,3845.080078125,3.11899995803833,233.9199981689453,244.5433349609375,Long
2022-07-08,0.055279044880592876,0.6833396613620322,233.9199981689453,245.3633270263672,232.2100067138672,81930600,231.71716690063477,-3.576433293839756,56.87937742824751,251.1310872031692,212.30324659810034,235.0319635804587,0.05380522947187794,0.07246376811594203,0.713706987572016,244.5433349609375,26.079999923706055,3902.6201171875,3.194000005722046,242.3333282470703,250.76333618164062,Long
2022-07-11,0.02543516968760029,0.6874974117512679,242.3333282470703,254.97999572753906,241.16000366210938,101854200,232.1620002746582,-1.9622168059782723,69.89325081292796,252.91652077175638,211.40747977756,236.53018954247602,0.02511707828484195,0.23684210526315788,0.7561269685361983,250.76333618164062,24.639999389648438,3899.3798828125,3.2690000534057617,252.10333251953125,234.3433380126953,Short
2022-07-12,-0.06548005948146851,0.7282807048110055,252.10333251953125,253.06333923339844,233.6266632080078,99241200,231.89383392333986,-1.9850132371596203,60.8932613818356,252.37469060328823,211.41297724339148,236.3219179682112,-0.06772231414560198,0.11224489795918367,0.7286468394500193,234.3433380126953,26.170000076293945,3854.429931640625,3.180000066757202,236.84666442871094,233.07000732421875,Short
2022-07-13,-0.005433611636988744,0.7193940244206017,236.84666442871094,239.77333068847656,228.3699951171875,87930900,231.93583450317382,-2.08182869272531,54.01853074793172,252.4230380948024,211.44863091154525,236.01221219259287,-0.005448427397798375,0.06493506493506493,0.7667028234017186,233.07000732421875,27.290000915527344,3818.800048828125,3.13700008392334,225.5,237.0399932861328,Long
2022-07-14,0.017033448479672808,0.6682979642992041,225.5,242.05999755859375,225.03334045410156,97954500,233.0010009765625,-1.817262677272538,53.891326948619856,252.11089861025386,213.89110334287113,236.11009610626334,0.016890005886123306,0.06306306306306306,0.677955204732038,237.0399932861328,26.81999969482422,3801.780029296875,3.069000005722046,234.89666748046875,238.31333923339844,Long
2022-07-15,0.005371861218914864,0.6647873450214982,234.89666748046875,238.65333557128906,229.3333282470703,78557400,233.87216796875,-1.487694610372131,55.13456082494909,252.2312175411546,215.51311839634542,236.31992878503812,0.005357484236889209,0.175,0.6894319804710272,238.31333923339844,26.399999618530273,3790.3798828125,3.1040000915527344,240.0,240.06666564941406,Wait
2022-07-18,0.0073572315408600986,0.6380763544923778,240.0,243.6233367919922,236.88999938964844,69683100,234.2255012512207,-1.0726657314902752,57.707917804047604,252.78478927686578,215.6662132255756,236.67676086735963,0.007330299130864308,0.15942028985507245,0.7199507418974845,240.06666564941406,24.229999542236328,3863.159912109375,3.0940001010894775,244.93666076660156,240.54666137695312,Short
2022-07-19,0.001999426810217919,0.5478407486083928,244.93666076660156,250.51666259765625,239.60333251953125,82537500,235.59783401489258,-0.6969862870755605,55.372068087157245,251.44000719718343,219.75566083260173,237.04532282065426,0.001997430616818738,0.17985611510791366,0.6284533414148761,240.54666137695312,25.299999237060547,3830.85009765625,3.134999990463257,245.0,245.52999877929688,Wait
2022-07-20,0.020716718219316865,0.548887754421028,245.0,247.13999938964844,236.97666931152344,80890200,237.0363342285156,0.002823512434360964,60.59365577190462,250.7593589464134,223.3133095106178,237.85338719766784,0.020505045463666282,0.17582417582417584,0.6764844843980219,245.52999877929688,24.5,3936.68994140625,3.178999900817871,246.78334045410156,247.5,Wait
2022-07-21,0.008023464466653252,0.44348054483469646,246.78334045410156,250.663330078125,243.48333740234375,88864200,237.55950088500975,0.7082264611385369,66.4179578405199,252.05843674030254,223.06056502971697,238.7721122264614,0.007991447618970264,0.13382899628252787,0.677963797667046,247.5,23.8799991607666,3959.89990234375,3.1700000762939453,255.10667419433594,271.7066650390625,Long
2022-07-22,0.09780470722853529,0.556427001350219,255.10667419433594,273.26666259765625,254.86666870117188,142032300,239.34050064086915,3.1838376467306944,78.65995481308455,260.3615993429674,218.3194019387709,241.90873630385198,0.09331246499887616,0.22110552763819097,0.7186946527971317,271.7066650390625,23.110000610351562,3998.949951171875,3.072999954223633,276.2200012207031,272.24334716796875,Short
2022-07-25,0.0019752262198982073,0.5550854330411947,276.2200012207031,280.78668212890625,270.71331787109375,103472700,241.19916763305665,5.129948259438095,81.27692450752184,266.7220310354313,215.67630423068195,244.7977468623393,0.0019732780255828208,0.14634146341463414,0.70486757743306,272.24334716796875,23.030000686645508,3961.6298828125,2.997999906539917,272.2166748046875,268.4333190917969,Short
2022-07-26,-0.013994935471540293,0.5419530566408933,272.2166748046875,274.14666748046875,267.3999938964844,64073400,242.33550033569335,6.292283984007838,80.08426982471744,270.58172998556506,214.08927068582162,247.04875374133525,-0.014093787954092982,0.15517241379310345,0.7164876791537389,268.4333190917969,23.360000610351562,3966.840087890625,3.0490000247955322,266.5133361816406,258.8599853515625,Short
2022-07-27,-0.0356637312112531,0.5603880398406569,266.5133361816406,267.30999755859375,256.2633361816406,66820800,243.03249969482422,6.367554193677563,71.12213697882342,272.21954761054826,213.8454517791002,248.17363294230927,-0.0363152186530825,0.09210526315789473,0.7335326682831491,258.8599853515625,24.690000534057617,3921.050048828125,3.009000062942505,263.80999755859375,274.82000732421875,Long
2022-07-28,0.061655036992220635,0.5594828417945805,263.80999755859375,275.9266662597656,261.7900085449219,88110000,245.1403335571289,7.62712600598195,77.22151747732711,277.1288663037655,213.15180081049232,250.71138288344352,0.05982904612856656,0.06349206349206349,0.6689668460133344,274.82000732421875,23.239999771118164,4023.610107421875,3.002000093460083,280.0666809082031,280.8999938964844,Wait
2022-07-29,0.02212352234272652,0.5519787591096575,280.0666809082031,283.29998779296875,272.79998779296875,84723000,247.7608329772949,9.01206437744412,84.31764484053227,282.47680569521543,213.0448602593744,253.58648869420932,0.021882347827174065,0.23076923076923078,0.633805492015809,280.8999938964844,22.329999923706055,4072.429931640625,3.0390000343322754,280.70001220703125,297.1499938964844,Long
2022-08-01,0.05784976985791013,0.565065611380925,280.70001220703125,298.32000732421875,279.1000061035156,95313000,251.3946662902832,11.290724761040508,89.94775792948045,290.7515503633041,212.0377822172623,257.7353939515689,0.056238328890716484,0.3018867924528302,0.7060259177861704,297.1499938964844,21.329999923706055,4130.2900390625,2.9739999771118164,301.27667236328125,297.27667236328125,Short
2022-08-02,0.00042631152414229767,0.5673113241869471,301.27667236328125,311.8766784667969,295.0,117042900,254.89533309936525,12.95743616706659,85.579103054364,297.5329112003486,212.25775499838187,261.50122999077956,0.0004262206792024022,0.18435754189944134,0.6906933542809401,297.27667236328125,22.84000015258789,4118.6298828125,2.924999952316284,294.0033264160156,300.586669921875,Long
2022-08-03,0.011134400598203698,0.5657670544163892,294.0033264160156,307.8333435058594,292.6666564941406,95577600,258.2713333129883,14.379646490797484,83.48532334249906,304.19709618754547,212.34557043843114,265.2236528413601,0.011072869479979633,0.3218390804597701,0.6002761549286201,300.586669921875,23.93000030517578,4091.18994140625,2.984999895095825,305.0,307.39666748046875,Long
2022-08-04,0.02265568716125621,0.562004957891033,305.0,309.54998779296875,301.1499938964844,80091000,262.0544998168945,15.873290891661895,86.88848936237908,311.1331066009108,212.97589303287822,269.2401304260371,0.022402858626649376,0.32967032967032966,0.6507251519983098,307.39666748046875,21.950000762939453,4155.169921875,2.9769999980926514,311.0,308.6333312988281,Short
2022-08-05,0.004023022853486102,0.5421564733237636,311.0,313.6066589355469,305.0,72256200,265.2589996337891,16.961284149739186,88.71586815241626,317.7725388893007,212.74546037827744,272.99186384249344,0.004014952135593356,0.31736526946107785,0.6502068286255862,308.6333312988281,21.440000534057617,4151.93994140625,2.9609999656677246,302.6700134277344,288.1700134277344,Short
2022-08-08,-0.0663030068235908,0.6065390697623894,302.6700134277344,304.6066589355469,285.5433349609375,113172900,267.12933349609375,15.988008106951952,75.5439273089717,320.13135608597037,214.12731090621716,274.4374018982307,-0.0686033118290163,0.14965986394557823,0.6759442051283202,288.1700134277344,21.149999618530273,4145.18994140625,3.065000057220459,295.0,290.42333984375,Short
2022-08-09,0.007819434052879659,0.5416353667366349,295.0,305.20001220703125,289.086669921875,98994000,269.9333335876465,15.223022908815608,67.32533008976965,321.54771203122027,218.31895514407265,275.9598721787563,0.007789020718917544,0.26046511627906976,0.7084732613833759,290.42333984375,21.290000915527344,4140.06005859375,2.997999906539917,290.2933349609375,283.3333435058594,Short
2022-08-10,-0.024412625864385085,0.5534855929202882,290.2933349609375,292.39666748046875,279.35333251953125,86244600,272.44650039672854,13.884610035357753,50.55346553651486,321.3256092469306,223.56739154652647,276.6621075432423,-0.0247155543645267,0.07547169811320754,0.7263491644623709,283.3333435058594,21.770000457763672,4122.47021484375,3.005000114440918,297.0666809082031,294.3566589355469,Short
2022-08-11,0.03890581776676605,0.562347384622957,297.0666809082031,297.510009765625,283.3699951171875,94918800,275.31233367919924,13.55711958432903,47.71067513270456,322.1282528853775,228.496414473021,278.347302913938,0.03816806100817755,0.08133971291866028,0.656393207379653,294.3566589355469,19.739999771118164,4210.240234375,3.0420000553131104,296.5133361816406,286.6300048828125,Short
2022-08-12,-0.026249292544206493,0.5778850978740022,296.5133361816406,298.2366638183594,285.8333435058594,70155000,277.7281669616699,12.529670393882384,36.87067080724693,321.3851021804655,234.07123174287432,279.13613167287843,-0.026599955270312267,0.07368421052631578,0.7613273020969713,286.6300048828125,20.200000762939453,4207.27001953125,3.1730000972747803,289.4166564941406,300.0299987792969,Long
2022-08-15,0.046750143628413676,0.592330025423313,289.4166564941406,300.1600036621094,285.0333251953125,79657200,280.72633361816406,12.650845949874395,45.96466865607065,321.64309358826733,239.80957364806082,281.12602377825164,0.045690263130780645,0.23232323232323232,0.6825564614199914,300.0299987792969,19.530000686645508,4280.14990234375,3.118000030517578,301.78668212890625,309.32000732421875,Long
2022-08-16,0.03096359891583922,0.5948510618973432,301.78668212890625,313.1333312988281,301.2300109863281,89359200,284.16500091552734,13.342698181658193,62.454958771077926,322.331021569343,245.99898026171167,283.8111650683437,0.030493897831355556,0.2033195020746888,0.7275453720053603,309.32000732421875,19.950000762939453,4297.14013671875,3.0959999561309814,311.6666564941406,306.5633239746094,Short
2022-08-17,-0.008912075793144236,0.5992393197676831,311.6666564941406,314.6666564941406,302.8833312988281,88136400,287.21666717529297,13.512787746401386,68.39218198445312,321.9845668474821,252.44876750310382,285.97803734513093,-0.008952025876518947,0.10309278350515463,0.6532695985463275,306.5633239746094,19.690000534057617,4305.2001953125,3.11299991607666,303.39666748046875,303.9966735839844,Wait
2022-08-18,-0.008372333511224461,0.6034317739316408,303.39666748046875,309.65667724609375,300.0333251953125,68766000,290.0415008544922,13.287309878541748,69.08597762647284,320.0814524398242,260.0015492691602,287.6940979393075,-0.008407578354357605,0.0782608695652174,0.7392246541105425,303.9966735839844,19.899999618530273,4274.0400390625,3.1459999084472656,306.0,302.8699951171875,Short
2022-08-19,-0.0037062197211366055,0.5101473129822713,306.0,306.5,301.85333251953125,47500500,291.59966735839845,12.86935361003492,68.19577309090819,320.8580091721338,262.3413255446631,289.139421480058,-0.0037131047703819653,0.1956521739130435,0.729882279154518,302.8699951171875,19.559999465942383,4283.740234375,3.1389999389648438,299.0,296.6666564941406,Short
2022-08-22,-0.020481852686155544,0.5186160513483368,299.0,300.3599853515625,292.5,61395300,292.82083282470705,11.900382471217824,60.595559013076596,320.68298422344617,264.95868142596794,289.8563010052087,-0.02069451464936621,0.39705882352941174,0.6262827048058199,296.6666564941406,20.600000381469727,4228.47998046875,3.2249999046325684,291.913330078125,289.913330078125,Short
2022-08-23,-0.022764022407583906,0.5237421876723979,291.913330078125,292.3999938964844,286.2966613769531,55843200,293.89483337402345,10.466873261223384,44.68425887623792,319.3509079680109,268.438758780036,289.8617323454864,-0.023027123255798403,0.3761904761904762,0.6961306330582422,289.913330078125,23.799999237060547,4137.990234375,3.242000102996826,291.4533386230469,296.4533386230469,Long
2022-08-24,0.0225584954757323,0.5051589399719131,291.4533386230469,298.82666015625,287.92333984375,63984900,295.77450103759764,9.74618298619339,42.022813528189204,315.1679242194923,276.381077855703,290.48950437192076,0.02230781558771273,0.05,0.7159792333764037,296.4533386230469,24.110000610351562,4128.72998046875,3.25600004196167,297.5633239746094,297.0966796875,Wait
2022-08-25,0.002170125887066332,0.4625752933506976,297.5633239746094,303.64666748046875,296.5,57259800,296.8883346557617,9.121792650656857,41.321119455480705,313.5859105334085,280.1907587781149,291.11875916388067,0.0021677745650455194,0.16964285714285715,0.708867805019783,297.0966796875,22.81999969482422,4140.77001953125,3.321000099182129,302.3599853515625,296.07000732421875,Short
2022-08-26,-0.003455684406709514,0.4584020556634812,302.3599853515625,302.9599914550781,291.6000061035156,53230000,297.64683532714844,8.446746100665223,38.43755304283968,312.5703532905462,282.72331736375065,291.59030660772237,-0.0034616690754643124,0.176056338028169,0.7273706243534381,296.07000732421875,21.780000686645508,4199.1201171875,3.2339999675750732,297.42999267578125,288.0899963378906,Short
2022-08-29,-0.026953121859416895,0.4212222302977356,297.42999267578125,302.0,287.4700012207031,57163900,297.19383544921874,7.185022188222092,25.46152130776673,312.718764381607,281.6689065168305,291.25694372488124,-0.02732301898385137,0.2987012987012987,0.7266530169014476,288.0899963378906,25.559999465942383,4057.659912109375,3.2049999237060547,282.8299865722656,284.82000732421875,Long
2022-08-30,-0.01135058160727187,0.4226872333618113,282.8299865722656,287.739990234375,280.70001220703125,41864700,296.5710021972656,5.853757638200534,20.730459078379187,313.05198053120233,280.0900238633289,290.6439021629134,-0.011415491099770154,0.05504587155963303,0.7415870686403467,284.82000732421875,26.209999084472656,4030.610107421875,3.246999979019165,287.8699951171875,277.70001220703125,Short
2022-08-31,-0.0249982267189629,0.4274557473970656,287.8699951171875,288.4800109863281,272.6499938964844,50541800,295.4266693115234,4.176057794639348,18.181552835189294,313.80289132388873,277.0504472991581,289.41115073854365,-0.02531598923616216,0.18823529411764706,0.6812823630942646,277.70001220703125,26.209999084472656,3986.159912109375,3.2200000286102295,280.6199951171875,275.6099853515625,Short
2022-09-01,-0.007526203685978228,0.4161383781370036,280.6199951171875,281.25,271.80999755859375,52107300,293.83733520507815,2.6473044040097307,15.49300780160469,313.31961726282145,274.35505314733484,288.09675403502166,-0.007554668468041173,0.390625,0.6812031256627487,275.6099853515625,25.8700008392334,3955.0,3.255000114440918,272.5799865722656,277.1600036621094,Long
2022-09-02,0.005623955563764049,0.41664312660180486,272.5799865722656,277.5799865722656,266.1499938964844,54287000,292.2636688232422,1.5430426167051792,20.873561754633222,311.79820025487766,272.72913739160674,287.05515876141095,0.005608200169827373,0.21794871794871795,0.7323230409437055,277.1600036621094,25.559999465942383,3966.85009765625,3.374000072479248,281.07000732421875,270.2099914550781,Short
2022-09-06,-0.02507581222110289,0.35777661001978367,281.07000732421875,282.3500061035156,269.0799865722656,50890100,291.36566772460935,0.10587878829369402,16.79414493376363,313.20753318958697,269.52380225963174,285.4508571131888,-0.025395567131662106,0.3645833333333333,0.6824073743457081,270.2099914550781,25.469999313354492,3924.260009765625,3.3440001010894775,272.67999267578125,274.4200134277344,Long
2022-09-07,0.015580556255471167,0.3619185156336961,272.67999267578125,275.989990234375,265.739990234375,55860000,290.5655014038086,-0.6854686553871261,19.146436043448315,313.68774204418105,267.4432607634361,284.40030057171697,0.015460425583855752,0.27403846153846156,0.6928893774151973,274.4200134277344,26.90999984741211,3908.18994140625,3.4820001125335693,273.1000061035156,283.70001220703125,Long
2022-09-08,0.03381677109982606,0.3741558183357654,273.1000061035156,283.8399963378906,272.2699890136719,50028900,290.5838348388672,-0.5573738023112469,30.75089699107284,313.68250041824194,267.4851692594924,284.3336064417469,0.03325755641840769,0.21348314606741572,0.7457746142641883,283.70001220703125,24.639999389648438,3979.8701171875,3.4059998989105225,281.29998779296875,289.260009765625,Long
2022-09-09,0.01959815762903916,0.3534553700128466,281.29998779296875,289.5,279.760009765625,53713100,290.3290023803711,-0.007130179958721783,44.49767605170305,313.3647831955062,267.29322156523597,284.80278771068765,0.019408586563541073,0.24175824175824176,0.6886485854460709,289.260009765625,23.610000610351562,4006.179931640625,3.441999912261963,291.6700134277344,299.67999267578125,Long
2022-09-12,0.03602289482946186,0.3626116260892757,291.6700134277344,299.8500061035156,291.25,54338100,290.9815017700195,1.2552773367112309,66.72504947193305,314.3135105825008,267.64949295753826,286.2196643740299,0.035389242849343666,0.31313131313131315,0.6946804381529248,299.67999267578125,22.790000915527344,4067.360107421875,3.4560000896453857,300.7200012207031,304.4200134277344,Long
2022-09-13,0.01581694096302666,0.32743472209039826,300.7200012207031,305.489990234375,300.3999938964844,48674600,291.2010025024414,2.6081592136117138,79.36838254459803,314.9699437730157,267.43206123186707,287.9530309505732,0.015693156705112052,0.2546583850931677,0.7007094896031276,304.4200134277344,23.8700008392334,4110.41015625,3.513000011444092,292.8999938964844,292.1300048828125,Wait
2022-09-14,-0.04037188096320543,0.3383724729407473,292.8999938964844,297.3999938964844,290.3999938964844,68229600,290.3415023803711,2.6579872479005644,74.61365437009079,312.54326667173177,268.1397380890104,288.35083799173884,-0.041209445573060305,0.2602739726027397,0.6672371987921947,292.1300048828125,27.270000457763672,3932.68994140625,3.506999969482422,292.239990234375,302.6099853515625,Long
2022-09-15,0.03587437200418364,0.36375377354165805,292.239990234375,306.0,291.6400146484375,72628700,290.1438354492187,3.5027456910995056,81.66258895739483,311.8012097280283,268.48646117040914,289.7088520260078,0.035245873940170286,0.12962962962962962,0.7499855773391139,302.6099853515625,26.15999984741211,3946.010009765625,3.4690001010894775,301.8299865722656,303.75,Long
2022-09-16,0.003767273730617582,0.36277586103380327,301.8299865722656,309.1199951171875,300.7200012207031,64795500,290.13150177001955,4.215617483895983,84.31388521656302,311.7559148017915,268.5070887382476,291.0461042140071,0.0037601953268899466,0.3617021276595745,0.7161885951803422,303.75,26.270000457763672,3901.35009765625,3.4800000190734863,299.6099853515625,303.3500061035156,Long
2022-09-19,-0.0013168523341049454,0.3625330559728388,299.6099853515625,303.7099914550781,295.6000061035156,87087800,290.15550231933594,4.694185700368564,85.49087243134622,311.8404255738517,268.4705790648202,292.2179043939603,-0.0013177201460770078,0.32323232323232326,0.6825564614199915,303.3500061035156,26.299999237060547,3873.330078125,3.5190000534057617,300.0899963378906,309.07000732421875,Long
2022-09-20,0.018856110452001085,0.35946459581978657,300.0899963378906,309.8399963378906,297.79998779296875,60231200,290.77566986083986,5.471933708653978,90.64883277807928,313.9059267549174,267.6454129667623,293.8228665777944,0.018680537647816527,0.265625,0.6530361030084483,309.07000732421875,25.760000228881836,3899.889892578125,3.505000114440918,306.9100036621094,308.7300109863281,Long
2022-09-21,-0.0011000625419275156,0.3474601298030359,306.9100036621094,313.3299865722656,305.5799865722656,61642800,291.71650390625,5.991800004901677,89.09129058714497,316.1907786291766,267.24222918332345,295.2425946167024,-0.001100668054834369,-0.012345679012345678,0.7983393257333284,308.7300109863281,27.15999984741211,3855.929931640625,3.5810000896453857,308.2900085449219,300.79998779296875,Short
2022-09-22,-0.025685948599634356,0.35427069970798203,308.2900085449219,313.79998779296875,300.6300048828125,62555700,291.93383636474607,5.698225594743349,71.34744302815318,316.6611087309702,267.2065639985219,295.7718701572992,-0.026021592607865372,0.07407407407407407,0.6399248732985049,300.79998779296875,27.989999771118164,3789.929931640625,3.5179998874664307,299.8599853515625,288.5899963378906,Short
2022-09-23,-0.040591728559117746,0.3836409620116315,299.8599853515625,301.2900085449219,285.82000732421875,70545400,291.5085021972656,4.429263697550539,46.654251367479574,316.15436712455823,266.862637269973,295.08788217449836,-0.041438568478665415,0.08433734939759036,0.7191597277905761,288.5899963378906,27.350000381469727,3757.989990234375,3.6389999389648438,283.0899963378906,275.3299865722656,Short
2022-09-26,-0.04594757245188685,0.4153346537031958,283.0899963378906,284.5,272.82000732421875,63748400,290.471501159668,2.326808284571257,30.085680317107972,316.03738402329265,264.9056182960433,293.2061778314286,-0.04703665354268194,0.16279069767441862,0.7005957988199855,275.3299865722656,29.920000076293945,3693.22998046875,3.611999988555908,271.8299865722656,276.010009765625,Long
2022-09-27,0.0024698479153155706,0.40613846444612034,271.8299865722656,284.0899963378906,270.30999755859375,58076900,289.8675018310547,0.7073159133646527,22.852201464787132,316.22869781733357,263.50630584477585,291.56844753944733,0.0024668028538151034,0.18120805369127516,0.7448352917434777,276.010009765625,32.2599983215332,3655.0400390625,3.697999954223633,283.8399963378906,282.94000244140625,Wait
2022-09-28,0.02510775852537339,0.41531445987289106,283.8399963378906,288.6700134277344,277.510009765625,61925200,289.77350158691405,-0.016757792656449055,24.9283391447848,316.22373860408845,263.32326456973965,290.7466908634434,0.024797737333229056,0.32941176470588235,0.6794296504127147,282.94000244140625,32.599998474121094,3647.2900390625,3.8289999961853027,283.0799865722656,287.80999755859375,Long
2022-09-29,0.017212112374233923,0.4085951614165428,283.0799865722656,289.0,277.57000732421875,54664800,290.2790008544922,-0.19537139580154417,30.787236079350212,316.13751077952764,264.4204909294568,290.46700578679105,0.017065662059063912,0.22666666666666666,0.7810826397316036,287.80999755859375,30.18000030517578,3719.0400390625,3.680999994277954,282.760009765625,268.2099914550781,Short
2022-09-30,-0.06810050474193607,0.4781846026336916,282.760009765625,283.6499938964844,265.7799987792969,77620600,289.909001159668,-1.8966176242349775,20.369895491701953,316.84076760511624,262.9772347142197,288.34729013615174,-0.07053030781738932,0.05357142857142857,0.7208514199380962,268.2099914550781,31.84000015258789,3640.469970703125,3.693000078201294,266.1499938964844,265.25,Wait
